,Bone_marrow_1_Female,Bone_marrow_11_Male,Bone_marrow_13_Male,Bone_marrow_14_Male,Bone_marrow_2_Female,Bone_marrow_3_Female,Bone_marrow_4_Female,Bone_marrow_5_Female,Bone_marrow_6_Female,Bone_marrow_7_Female,Bone_marrow_8_Female,Bone_marrow_9_Female,Brain_1_Female,Brain_10_Female,Brain_11_Male,Brain_12_Male,Brain_13_Male,Brain_14_Male,Brain_2_Female,Brain_3_Female,Brain_4_Female,Brain_5_Female,Brain_6_Female,Brain_7_Female,Brain_8_Female,Brain_9_Female,Heart_1_Female,Heart_11_Male,Heart_12_Male,Heart_13_Male,Heart_14_Male,Heart_2_Female,Heart_3_Female,Heart_4_Female,Heart_5_Female,Heart_6_Female,Heart_7_Female,Heart_8_Female,Heart_9_Female,Intestine_1_Female,Intestine_10_Female,Pancreas_11_Male,Intestine_13_Male,Intestine_14_Male,Intestine_2_Female,Intestine_3_Female,Intestine_4_Female,Intestine_5_Female,Intestine_6_Female,Intestine_7_Female,Intestine_8_Female,Intestine_9_Female,Kidney_1_Female,Kidney_10_Female,Kidney_11_Male,Kidney_12_Male,Kidney_13_Male,Kidney_14_Male,Kidney_2_Female,Kidney_3_Female,Kidney_4_Female,Kidney_5_Female,Kidney_6_Female,Kidney_7_Female,Kidney_8_Female,Kidney_9_Female,Liver_1_Female,Liver_10_Female,Liver_11_Male,Liver_12_Male,Liver_13_Male,Liver_14_Male,Liver_2_Female,Liver_4_Female,Liver_5_Female,Liver_6_Female,Liver_7_Female,Liver_8_Female,Liver_9_Female,Lung_1_Female,Lung_11_Male,Lung_12_Male,Lung_13_Male,Lung_14_Male,Lung_2_Female,Lung_3_Female,Lung_4_Female,Lung_5_Female,Lung_6_Female,Lung_7_Female,Lung_8_Female,Lung_9_Female,Muscle_1_Female,Muscle_10_Female,Muscle_11_Male,Muscle_12_Male,Muscle_13_Male,Muscle_14_Male,Muscle_2_Female,Muscle_3_Female,Muscle_4_Female,Muscle_5_Female,Muscle_6_Female,Muscle_7_Female,Muscle_8_Female,Muscle_9_Female,Pancreas_1_Female,Pancreas_12_Male,Pancreas_13_Male,Pancreas_2_Female,Pancreas_3_Female,Pancreas_4_Female,Pancreas_5_Female,Pancreas_6_Female,Pancreas_7_Female,Pancreas_8_Female,Pancreas_9_Female,Spleen_1_Female,Spleen_10_Female,Spleen_11_Male,Spleen_12_Male,Spleen_13_Male,Spleen_14_Male,Spleen_2_Female,Spleen_3_Female,Spleen_4_Female,Spleen_5_Female,Spleen_6_Female,Spleen_7_Female,Spleen_8_Female,Spleen_9_Female,Testis_11_Male,Testis_12_Male,Testis_13_Male
Snord87,831,17435,12875,5859,455,1981,2710,2910,2580,5527,3618,4670,859,97,0,9,85,183,781,1688,1073,913,1230,1191,978,1445,2025,758,975,474,230,1006,1274,1419,1019,1204,1217,993,3042,552,1358,0,8,7,868,485,588,73,144,607,409,517,1622,1351,8,1,1,9,2122,1134,1503,1381,319,774,1067,657,733,657,56,11,4,46,52,865,3,742,247,774,1582,4431,34329,37402,33743,23665,2429,4185,2042,4400,860,1832,3459,1548,1134,589,17394,17061,61,16024,364,1561,1015,852,326,1481,720,563,120,1,0,91,29,50,363,27,71,110,11,12382,11928,353,3970,1421,3354,10110,14021,17058,10458,7104,6849,21370,7097,41919,30438,12355
Snord89,19,325,299,151,10,34,39,26,29,49,58,53,12,0,0,1,6,15,15,29,37,22,42,22,19,27,16,42,62,54,6,7,9,16,6,14,8,13,38,22,34,0,1,1,47,9,19,2,11,23,13,35,25,40,0,0,0,2,30,22,25,27,7,33,17,21,11,22,3,0,1,2,1,64,0,10,17,28,33,32,1448,1537,1555,1233,34,52,22,39,12,33,38,18,17,8,1586,1590,4,1291,0,13,13,13,4,23,5,5,1,0,0,0,0,0,2,0,5,2,0,116,159,8,89,37,109,50,115,190,101,81,96,236,76,914,724,385
Snord70,518,3465,2281,1394,277,1552,2074,448,575,1360,1246,1459,353,3,0,3,26,128,346,742,543,381,96,107,112,171,226,549,894,355,124,204,222,244,213,99,79,76,209,390,305,0,6,25,880,550,507,31,57,242,200,146,208,482,9,0,1,21,256,175,236,190,186,343,472,298,62,454,65,18,14,84,5,25,2,181,302,467,984,346,3729,4131,4788,3635,247,374,137,628,187,298,628,228,356,74,5388,5847,28,5631,42,456,266,278,37,120,77,61,4,2,0,6,2,0,27,4,20,35,3,993,3331,113,2142,647,1736,667,1051,1408,998,1979,1945,4074,2227,12613,12053,8435
Snord11,258,1026,907,590,181,612,756,524,581,1209,1016,1206,331,19,0,1,15,54,463,644,542,491,400,179,222,254,338,98,172,52,46,114,167,204,134,106,149,107,361,237,395,0,5,9,407,190,198,52,262,255,165,643,381,488,8,0,1,13,508,299,487,432,175,400,391,329,155,348,25,4,5,23,19,506,1,451,220,293,1410,1636,1537,1581,1805,1218,1140,1802,874,1123,213,526,861,539,272,102,571,671,4,615,20,392,208,221,67,209,190,153,24,2,0,14,1,4,86,37,88,84,12,3309,3637,96,1134,419,896,2870,4077,5005,3279,2393,1848,9066,2782,2561,2179,1580
Snora41,40,325,312,244,31,118,113,48,54,102,86,109,34,4,0,10,19,162,130,709,132,131,52,79,91,114,55,62,82,16,35,17,28,30,23,13,20,7,35,52,46,0,0,20,91,30,39,17,20,25,11,42,9,25,9,0,1,9,28,11,28,15,14,11,19,13,6,13,47,5,13,43,1,104,1,20,29,38,155,107,1232,1614,1829,967,105,146,82,209,41,104,142,106,36,14,166,226,5,430,4,55,41,67,13,32,31,27,3,0,2,1,0,2,22,5,5,8,1,124,370,134,538,330,481,82,159,187,132,191,147,655,177,1173,961,667
Snora75,0,0,0,0,0,0,0,0,0,0,0,0,0,0,0,0,0,0,0,0,0,0,0,0,0,0,0,0,0,0,0,0,0,0,0,0,0,0,0,0,0,0,0,0,0,0,0,0,0,0,0,0,0,0,0,0,0,0,0,0,0,0,0,0,0,0,0,0,0,0,0,0,0,0,0,0,0,0,0,0,0,0,0,0,0,0,0,0,0,0,0,0,0,0,0,0,0,0,0,0,0,0,0,0,0,0,0,0,0,0,0,0,0,0,0,0,0,0,0,0,0,0,0,0,0,0,0,0,0,0,0,0,0,0
Snord82,261,52371,28806,10583,159,695,1203,1164,1084,2437,2166,2041,244,22,1,2,860,459,96,139,345,222,404,214,267,319,67,2703,4315,1668,470,80,139,95,52,181,140,157,302,386,534,1,45,36,572,208,211,64,161,526,306,424,257,223,8,1,2,17,173,178,248,222,123,277,436,236,12,506,31,7,4,38,8,72,3,56,53,186,153,723,24359,26753,32271,20347,447,608,335,388,97,277,435,430,220,181,20365,22875,1922,18975,51,296,137,178,146,404,166,100,17,165,6,15,0,5,73,12,71,37,2,1762,1862,275,9597,2286,9416,850,2674,3287,1839,1059,3536,2184,565,49421,51139,35651
Snord78,0,0,0,0,0,0,0,0,0,0,0,0,0,0,0,0,0,0,0,0,0,0,0,0,0,0,0,0,0,0,0,0,0,0,0,0,0,0,0,0,0,0,0,0,0,0,0,0,0,0,0,0,0,0,0,0,0,0,0,0,0,0,0,0,0,0,0,0,0,0,0,0,0,0,0,0,0,0,0,0,0,0,0,0,0,0,0,0,0,0,0,0,0,0,0,0,0,0,0,0,0,0,0,0,0,0,0,0,0,0,0,0,0,0,0,0,0,0,0,0,0,0,0,0,0,0,0,0,0,0,0,0,0,0
Mir5117,0,0,0,0,0,0,0,0,0,0,0,0,0,0,0,0,0,0,0,0,0,0,0,0,0,0,0,0,0,0,0,0,0,0,0,0,0,0,0,0,0,0,0,0,0,0,0,0,0,0,0,0,0,0,0,0,0,0,0,0,0,0,0,0,0,0,0,0,0,0,0,0,0,0,0,0,0,0,0,0,0,0,0,0,0,0,0,0,0,0,0,0,0,0,0,0,0,0,0,0,0,0,0,0,0,0,0,0,0,0,0,0,0,0,0,0,0,0,0,0,0,0,0,0,0,0,0,0,0,0,0,0,0,0
Snord80,0,0,0,0,0,0,0,0,0,0,0,0,0,0,0,0,0,0,0,0,0,0,0,0,0,0,0,0,0,0,0,0,0,0,0,0,0,0,0,0,0,0,0,0,0,0,0,0,0,0,0,0,0,0,0,0,0,0,0,0,0,0,0,0,0,0,0,0,0,0,0,0,0,0,0,0,0,0,0,0,0,0,0,0,0,0,0,0,0,0,0,0,0,0,0,0,0,0,0,0,0,0,0,0,0,0,0,0,0,0,0,0,0,0,0,0,0,0,0,0,0,0,0,0,0,0,0,0,0,0,0,0,0,0
Snord80.1,0,0,0,0,0,0,0,0,0,0,0,0,0,0,0,0,0,0,0,0,0,0,0,0,0,0,0,0,0,0,0,0,0,0,0,0,0,0,0,0,0,0,0,0,0,0,0,0,0,0,0,0,0,0,0,0,0,0,0,0,0,0,0,0,0,0,0,0,0,0,0,0,0,0,0,0,0,0,0,0,0,0,0,0,0,0,0,0,0,0,0,0,0,0,0,0,0,0,0,0,0,0,0,0,0,0,0,0,0,0,0,0,0,0,0,0,0,0,0,0,0,0,0,0,0,0,0,0,0,0,0,0,0,0
Snord47,0,0,0,0,0,0,0,0,0,0,0,0,0,0,0,0,0,0,0,0,0,0,0,0,0,0,0,0,0,0,0,0,0,0,0,0,0,0,0,0,0,0,0,0,0,0,0,0,0,0,0,0,0,0,0,0,0,0,0,0,0,0,0,0,0,0,0,0,0,0,0,0,0,0,0,0,0,0,0,0,0,0,0,0,0,0,0,0,0,0,0,0,0,0,0,0,0,0,0,0,0,0,0,0,0,0,0,0,0,0,0,0,0,0,0,0,0,0,0,0,0,0,0,0,0,0,0,0,0,0,0,0,0,0
Snora36b,0,2,0,0,0,0,0,0,0,0,1,0,0,0,0,0,0,0,0,1,1,0,2,2,0,1,0,0,0,0,0,0,1,2,0,0,0,1,1,0,3,0,0,0,2,0,1,0,0,0,0,1,0,1,0,0,0,0,0,1,0,0,4,4,1,0,0,0,0,0,0,0,0,0,0,0,0,0,0,0,0,0,1,0,0,0,1,1,0,0,1,2,0,0,0,1,0,0,0,0,0,0,0,0,0,0,0,0,0,2,0,0,1,0,0,0,0,2,5,0,1,0,6,1,2,1,1,3,0,9,3,2,0,2
Snora43,0,0,0,0,0,0,0,0,0,0,2,0,0,0,0,0,0,0,0,0,0,0,0,0,0,0,0,0,0,0,0,0,0,0,0,0,0,0,0,0,0,0,0,0,0,0,0,0,1,0,0,1,0,0,0,0,0,0,0,0,0,0,0,0,0,0,0,0,0,0,0,0,0,0,0,0,0,0,0,0,0,0,1,0,0,0,0,0,0,0,0,0,0,0,0,0,0,0,0,0,0,0,0,0,0,0,0,0,0,0,0,0,0,0,0,0,0,0,0,0,0,0,2,0,0,0,0,0,0,1,0,0,0,0
Snora43.1,0,0,0,0,0,0,0,0,0,0,0,0,0,0,0,0,0,0,0,0,0,0,0,0,0,0,0,0,0,0,0,0,0,0,0,0,0,0,0,0,0,0,0,0,0,0,0,0,0,0,0,0,0,0,0,0,0,0,0,0,0,0,0,0,0,0,0,0,0,0,0,0,0,0,0,0,0,0,0,0,0,0,0,0,0,0,0,0,0,0,0,0,0,0,0,0,0,0,0,0,0,0,0,0,0,0,0,0,0,0,0,0,0,0,0,0,0,0,0,0,0,0,0,0,0,0,0,0,0,0,0,0,0,0
Snora17,63,246,159,123,160,198,236,109,123,223,185,150,51,0,0,0,10,7,26,23,47,33,12,11,17,17,56,92,87,15,66,103,146,145,54,45,24,24,38,159,36,1,15,19,286,632,123,49,37,82,30,80,40,55,3,0,2,2,23,43,35,39,49,71,52,43,4,80,15,4,6,17,11,10,3,29,48,135,42,67,65,89,171,39,148,259,64,253,105,243,139,49,35,3,61,69,12,60,27,44,45,44,11,22,10,1,0,0,0,0,0,0,5,0,6,4,0,715,1510,17,143,38,114,97,208,596,241,254,573,394,261,213,247,119
Snora65,0,0,0,0,0,0,0,0,0,0,0,0,0,0,0,0,0,0,0,0,0,0,0,0,0,0,0,0,0,0,0,0,0,0,0,0,0,0,0,0,0,0,0,0,0,0,0,0,0,0,0,0,0,0,0,0,0,0,0,0,0,0,0,0,0,0,0,0,0,0,0,0,0,0,0,0,0,0,0,0,0,0,0,0,0,0,0,0,0,0,0,0,0,0,0,0,0,0,0,0,0,0,0,0,0,0,0,0,0,0,0,0,0,0,0,0,0,0,0,0,0,0,0,0,0,0,0,0,0,0,0,0,0,0
Snord90,130,625,471,165,48,174,332,410,331,750,648,666,1496,64,0,2,40,77,639,986,2066,1116,1396,827,982,1298,101,59,88,30,34,146,192,157,127,207,151,111,274,293,260,0,5,3,424,339,304,49,76,195,133,193,428,702,4,2,0,4,693,360,509,426,282,865,480,610,103,335,12,2,1,10,13,230,2,103,225,447,295,1023,3441,4233,3230,3139,711,1186,519,671,259,618,899,387,330,108,1952,1275,3,1108,66,368,210,287,62,268,102,58,9,0,0,5,1,0,55,18,56,39,5,2552,2400,36,350,142,347,1657,2475,3647,2155,1161,1687,2279,1409,1899,1132,396
Snord67,0,0,0,0,0,0,0,0,0,0,0,0,0,0,0,0,0,0,0,0,0,0,0,0,0,0,0,0,0,0,0,0,0,0,0,0,0,0,0,0,0,0,0,0,0,0,0,0,0,0,0,0,0,0,0,0,0,0,0,0,0,0,0,0,0,0,0,0,0,0,0,0,0,0,0,0,0,0,0,0,0,0,0,0,0,0,0,0,0,0,0,0,0,0,0,0,0,0,0,0,0,0,0,0,0,0,0,0,0,0,0,0,0,0,0,0,0,0,0,0,0,0,0,0,0,0,0,0,0,0,0,0,0,0
Snord110,8911,228415,165823,54000,4120,23936,27697,10741,11035,25709,26223,19762,9813,636,8,200,7595,10113,6109,5592,19911,15206,10372,4522,5242,6226,3040,36763,51515,18188,8529,4523,6454,5812,3757,3051,2981,2527,4937,5017,2877,4,249,430,6161,5367,6123,187,324,3075,3671,1789,2894,8511,165,31,26,177,2015,2506,3924,3657,1710,5357,7172,4628,503,4304,1314,260,226,1200,223,1396,102,1090,1132,4211,4166,21515,326048,337884,400634,230650,18583,23907,8856,17370,7317,13521,24853,12544,5020,1800,263921,293582,7040,295624,900,7312,4460,3386,1377,3643,1658,1074,51,36,13,55,14,8,369,54,386,236,8,48476,118911,7110,151273,37499,127263,19295,59123,64746,41720,56700,72394,70904,30396,463224,458278,313639
Snord57,0,0,0,0,0,0,0,0,0,0,0,0,0,0,0,0,0,0,0,0,0,0,0,0,0,0,0,0,0,0,0,0,0,0,0,0,0,0,0,0,0,0,0,0,0,0,0,0,0,0,0,0,0,0,0,0,0,0,0,0,0,0,0,0,0,0,0,0,0,0,0,0,0,0,0,0,0,0,0,0,0,0,0,0,0,0,0,0,0,0,0,0,0,0,0,0,0,0,0,0,0,0,0,0,0,0,0,0,0,0,0,0,0,0,0,0,0,0,0,0,0,0,0,0,0,0,0,0,0,0,0,0,0,0
Snord17,3602,4635,3456,1667,1462,8335,17412,5976,4297,8029,8064,10149,2424,33,2,27,118,640,2923,3866,4797,3634,1702,1160,1212,1455,2863,2020,3025,451,1184,4004,4187,3699,3009,1968,1967,1623,4260,3609,2723,0,26,145,4865,2159,2971,424,523,1461,718,1615,4615,8645,218,24,16,286,4894,3328,4403,3917,3268,5631,6819,4742,1176,5195,497,99,127,436,90,1467,10,1660,3015,4887,9640,11822,5982,5939,8689,4477,6636,9429,3476,6207,2086,4206,8971,2471,2070,806,1946,2495,48,2718,202,3465,2600,2459,521,1490,1011,986,120,12,2,102,25,29,837,387,885,932,115,55332,57632,5227,38259,16171,29571,38650,62418,75326,46538,38481,32096,122169,38167,3421,2950,2638
Snord12,0,0,0,0,0,0,0,0,0,0,0,0,0,0,0,0,0,0,0,0,0,0,0,0,0,0,0,0,0,0,0,0,0,0,0,0,0,0,0,0,0,0,0,0,0,0,0,0,0,0,0,0,0,0,0,0,0,0,0,0,0,0,0,0,0,0,0,0,0,0,0,0,0,0,0,0,0,0,0,0,0,0,0,0,0,0,0,0,0,0,0,0,0,0,0,0,0,0,0,0,0,0,0,0,0,0,0,0,0,0,0,0,0,0,0,0,0,0,0,0,0,0,0,0,0,0,0,0,0,0,0,0,0,0
Snord73a,74,14393,10289,4264,48,209,353,293,263,704,612,674,35,1,0,1,23,175,38,78,72,42,64,54,62,69,39,1431,2281,957,237,30,51,33,32,63,55,43,88,86,246,0,1,9,227,87,140,76,113,169,77,249,58,92,4,0,0,19,118,53,62,71,33,76,79,58,29,82,36,1,5,29,4,14,0,39,36,85,150,215,14547,15778,19394,12643,130,225,89,231,65,140,248,62,49,37,9292,8689,31,10063,3,59,48,50,21,93,43,21,3,2,0,3,0,0,30,8,19,20,1,982,1606,170,7294,1516,7458,819,875,1359,784,802,879,2277,1041,24870,27283,17769
Rnu73b,51,8236,5887,3621,38,133,121,108,130,316,227,322,11,0,0,1,23,74,5,29,11,12,21,19,18,22,20,382,668,209,94,7,14,9,4,15,11,3,27,65,117,0,3,17,88,36,47,27,32,83,30,59,21,34,2,0,1,9,53,16,48,39,19,48,16,59,5,11,22,1,5,14,0,4,0,11,14,13,19,65,4144,4366,5411,3352,32,73,28,80,11,43,46,19,18,8,1840,2216,8,2379,1,21,21,31,4,30,6,12,1,0,0,3,0,0,8,2,6,8,1,423,390,81,3541,788,3459,119,180,271,243,128,221,691,267,8824,9048,5619
Snora24,0,0,0,0,0,0,0,0,0,0,0,0,0,0,0,0,0,0,0,0,0,0,0,0,0,0,0,0,0,0,0,0,0,0,0,0,0,0,0,0,0,0,0,0,0,0,0,0,0,0,0,0,0,0,0,0,0,0,0,0,0,0,0,0,0,0,0,0,0,0,0,0,0,0,0,0,0,0,0,0,0,0,0,0,0,0,0,0,0,0,0,0,0,0,0,0,0,0,0,0,0,0,0,0,0,0,0,0,0,0,0,0,0,0,0,0,0,0,0,0,0,0,0,0,0,0,0,0,0,0,0,0,0,0
Snord45b,0,0,0,0,0,0,0,0,0,0,0,0,0,0,0,0,0,0,0,0,0,0,0,0,0,0,0,0,0,0,0,0,0,0,0,0,0,0,0,0,0,0,0,0,0,0,0,0,0,0,0,0,0,0,0,0,0,0,0,0,0,0,0,0,0,0,0,0,0,0,0,0,0,0,0,0,0,0,0,0,0,0,0,0,0,0,0,0,0,0,0,0,0,0,0,0,0,0,0,0,0,0,0,0,0,0,0,0,0,0,0,0,0,0,0,0,0,0,0,0,0,0,0,0,0,0,0,0,0,0,0,0,0,0
Snord45c,0,0,0,0,0,0,0,0,0,0,0,0,0,0,0,0,0,0,0,0,0,0,0,0,0,0,0,0,0,0,0,0,0,0,0,0,0,0,0,0,0,0,0,0,0,0,0,0,0,0,0,0,0,0,0,0,0,0,0,0,0,0,0,0,0,0,0,0,0,0,0,0,0,0,0,0,0,0,0,0,0,0,0,0,0,0,0,0,0,0,0,0,0,0,0,0,0,0,0,0,0,0,0,0,0,0,0,0,0,0,0,0,0,0,0,0,0,0,0,0,0,0,0,0,0,0,0,0,0,0,0,0,0,0
Snord38a,0,0,0,0,0,0,0,0,0,0,0,0,0,0,0,0,0,0,0,0,0,0,0,0,0,0,0,0,0,0,0,0,0,0,0,0,0,0,0,0,0,0,0,0,0,0,0,0,0,0,0,0,0,0,0,0,0,0,0,0,0,0,0,0,0,0,0,0,0,0,0,0,0,0,0,0,0,0,0,0,0,0,0,0,0,0,0,0,0,0,0,0,0,0,0,0,0,0,0,0,0,0,0,0,0,0,0,0,0,0,0,0,0,0,0,0,0,0,0,0,0,0,0,0,0,0,0,0,0,0,0,0,0,0
Snord55,2904,1243652,827806,304021,1315,6987,8707,6112,6360,13543,14637,12622,4741,62,15,293,22891,30893,4658,4751,9757,8052,5164,2655,3191,3247,2647,134712,193979,80007,25806,2011,2766,2626,1776,1828,2124,1556,4033,3572,2935,6,672,1763,4796,2647,2723,370,699,2463,2036,1917,2734,8874,891,101,89,1202,2247,2219,3042,3009,3352,6458,7529,5227,543,4461,5967,737,757,4905,167,1475,68,2103,3007,6732,6011,12269,1239365,1306798,1620519,1022509,10871,12558,5436,17580,4902,11045,19717,13772,4325,1733,675180,750920,25096,769532,301,6055,3332,3142,1175,3787,1743,1032,339,249,12,264,113,128,977,341,1625,1809,113,34090,84925,23584,834284,162501,697742,16484,37320,45338,27914,53789,60405,122613,56769,1460947,1860214,1180868
Snord85,4032,9797,7575,5229,1251,7428,9221,4371,3703,5997,5743,7893,8721,108,8,219,957,4076,10864,21653,13120,9183,3998,2838,2961,3411,16044,9300,12574,2646,5193,7438,8981,9869,8519,3088,3298,2711,9442,3171,2187,0,69,334,3876,2857,1956,166,211,905,764,732,4574,9700,719,72,66,944,5728,3717,5576,4747,5623,7919,9991,5668,2431,11661,4331,1115,1032,4464,311,17258,65,3220,9362,11192,35312,27342,47462,47752,60006,33785,22126,24403,12412,23442,6757,11265,21601,11319,9137,1567,16232,18786,799,17217,1092,12325,6974,8619,1093,3736,2657,2874,234,15,7,197,51,82,669,167,512,846,51,39475,65044,11039,80362,31775,55862,26379,45207,46982,31297,52992,35736,135914,51214,14472,11779,9213
Snora16a,0,0,0,0,0,0,0,0,0,0,0,0,0,0,0,0,0,0,0,0,0,0,0,0,0,0,0,0,0,0,0,0,0,0,0,0,0,0,0,0,0,0,0,0,0,0,0,0,0,0,0,0,0,0,0,0,0,0,0,0,0,0,0,0,0,0,0,0,0,0,0,0,0,0,0,0,0,0,0,0,0,0,0,0,0,0,0,0,0,0,0,0,0,0,0,0,0,0,0,0,0,0,0,0,0,0,0,0,0,0,0,0,0,0,0,0,0,0,0,0,0,0,0,0,0,0,0,0,0,0,0,0,0,0
Snora16a.1,0,0,0,0,0,0,0,0,0,0,0,0,0,0,0,0,0,0,0,0,0,0,0,0,0,0,0,0,0,0,0,0,0,0,0,0,0,0,0,0,0,0,0,0,0,0,0,0,0,0,0,0,0,0,0,0,0,0,0,0,0,0,0,0,0,0,0,0,0,0,0,0,0,0,0,0,0,0,0,0,0,0,0,0,0,0,0,0,0,0,0,0,0,0,0,0,0,0,0,0,0,0,0,0,0,0,0,0,0,0,0,0,0,0,0,0,0,0,0,0,0,0,0,0,0,0,0,0,0,0,0,0,0,0
Snora44,0,0,0,0,0,0,0,0,0,0,0,0,0,0,0,0,0,0,0,0,0,0,0,0,0,0,0,0,0,0,0,0,0,0,0,0,0,0,0,0,0,0,0,0,0,0,0,0,0,0,0,0,0,0,0,0,0,0,0,0,0,0,0,0,0,0,0,0,0,0,0,0,0,0,0,0,0,0,0,0,0,0,0,0,0,0,0,0,0,0,0,0,0,0,0,0,0,0,0,0,0,0,0,0,0,0,0,0,0,0,0,0,0,0,0,0,0,0,0,0,0,0,0,0,0,0,0,0,0,0,0,0,0,0
Snora61,0,0,0,0,0,0,0,0,0,0,0,0,0,0,0,0,0,0,0,0,0,0,0,0,0,0,0,0,0,0,0,0,0,0,0,0,0,0,0,0,0,0,0,0,0,0,0,0,0,0,0,0,0,0,0,0,0,0,0,0,0,0,0,0,0,0,0,0,0,0,0,0,0,0,0,0,0,0,0,0,0,0,0,0,0,0,0,0,0,0,0,0,0,0,0,0,0,0,0,0,0,0,0,0,0,0,0,0,0,0,0,0,0,0,0,0,0,0,0,0,0,0,0,0,0,0,0,0,0,0,0,0,0,0
Snord99,0,0,0,0,0,0,0,0,0,0,0,0,0,0,0,0,0,0,0,0,0,0,0,0,0,0,0,0,0,0,0,0,0,0,0,0,0,0,0,0,0,0,0,0,0,0,0,0,0,0,0,0,0,0,0,0,0,0,0,0,0,0,0,0,0,0,0,0,0,0,0,0,0,0,0,0,0,0,0,0,0,0,0,0,0,0,0,0,0,0,0,0,0,0,0,0,0,0,0,0,0,0,0,0,0,0,0,0,0,0,0,0,0,0,0,0,0,0,0,0,0,0,0,0,0,0,0,0,0,0,0,0,0,0
Snora73b,18,55,66,64,40,46,42,50,54,82,67,89,16,0,0,0,2,1,12,12,25,24,19,5,14,12,12,3,5,3,7,7,9,16,4,14,9,4,16,29,53,0,1,1,70,12,38,42,64,33,9,78,27,8,0,0,1,0,52,45,64,65,4,13,12,10,11,4,0,0,0,0,2,30,0,4,6,6,10,103,34,51,59,49,130,219,135,61,5,23,23,26,11,1,20,22,0,31,0,9,10,8,2,17,3,2,0,0,0,0,0,0,5,0,3,2,0,377,154,4,35,15,70,241,297,507,234,48,56,146,45,73,87,37
Snora73a,8,37,133,186,17,14,47,32,20,35,46,62,2,0,0,0,0,1,2,1,2,4,2,2,1,4,0,2,3,0,1,0,5,2,3,0,2,1,2,11,58,0,1,1,77,6,53,28,53,20,1,101,1,2,0,0,0,0,9,2,11,5,3,2,3,1,0,1,3,0,0,0,0,0,0,0,0,0,3,12,5,15,6,19,4,10,3,3,1,4,5,3,5,0,5,6,0,15,0,6,7,6,4,5,1,2,0,0,0,0,0,0,1,0,0,0,0,39,62,4,60,32,303,35,40,258,49,39,33,101,22,101,96,41
Mir3096,1156,4044,3000,1637,776,2175,2971,1379,1227,2902,2576,2566,102,10,0,4,42,59,39,51,81,52,101,90,85,63,76,246,393,85,133,80,133,110,79,63,77,60,162,521,565,0,122,77,1909,553,1334,206,251,500,328,1531,43,101,6,1,0,12,43,36,84,57,28,135,114,127,1,126,16,1,6,31,8,43,2,112,32,86,189,466,1056,1065,1496,741,343,518,191,346,141,282,511,275,435,245,6971,10609,387,9690,145,532,331,417,197,440,340,393,30,98,22,58,7,13,45,4,21,30,3,1908,6062,541,4353,1791,3994,920,2828,2879,2024,3022,5274,6763,2281,5995,8124,4431
Snord93,2923,8273,6337,2954,2072,7203,8795,3575,3324,8018,7789,6112,676,25,0,9,142,123,195,356,663,503,178,247,298,226,251,545,880,208,285,425,689,576,222,265,211,160,430,2382,1272,3,172,179,4998,2534,3320,385,441,1142,986,2472,116,555,3,2,1,20,76,116,186,156,200,480,448,334,9,315,33,5,10,49,16,213,11,152,125,302,327,1161,2797,2580,4184,1846,960,1183,363,1428,446,882,1648,1169,971,397,8672,10803,631,8441,281,1420,810,878,249,653,397,417,34,100,30,65,16,15,91,27,110,88,7,4734,17587,1142,9623,3854,8230,1684,5798,5956,4475,7126,13554,11348,5487,11666,13492,8748
Snora26,0,0,0,0,0,0,0,0,0,0,0,0,0,0,0,0,0,0,0,0,0,0,0,0,0,0,0,0,0,0,0,0,0,0,0,0,0,0,0,0,0,0,0,0,0,0,0,0,0,0,0,0,0,0,0,0,0,0,0,0,0,0,0,0,0,0,0,0,0,0,0,0,0,0,0,0,0,0,0,0,0,0,0,0,0,0,0,0,0,0,0,0,0,0,0,0,0,0,0,0,0,0,0,0,0,0,0,0,0,0,0,0,0,0,0,0,0,0,0,0,0,0,0,0,0,0,0,0,0,0,0,0,0,0
Snord21,0,0,0,0,0,0,0,0,0,0,0,0,0,0,0,0,0,0,0,0,0,0,0,0,0,0,0,0,0,0,0,0,0,0,0,0,0,0,0,0,0,0,0,0,0,0,0,0,0,0,0,0,0,0,0,0,0,0,0,0,0,0,0,0,0,0,0,0,0,0,0,0,0,0,0,0,0,0,0,0,0,0,0,0,0,0,0,0,0,0,0,0,0,0,0,0,0,0,0,0,0,0,0,0,0,0,0,0,0,0,0,0,0,0,0,0,0,0,0,0,0,0,0,0,0,0,0,0,0,0,0,0,0,0
Snora15,2,1,58,23,0,0,0,0,0,0,0,0,0,0,0,0,0,0,0,0,0,0,0,0,0,0,0,0,0,0,0,0,0,0,0,0,0,0,0,1,1,0,0,3,2,0,0,0,1,0,0,4,0,0,0,0,0,0,0,0,0,0,0,0,0,0,0,0,0,0,0,0,0,0,0,0,0,0,0,0,0,1,0,0,0,0,0,0,0,0,0,1,1,0,0,1,0,0,0,0,0,0,0,0,0,0,0,0,0,0,0,0,0,0,0,0,0,0,3,0,0,3,16,1,0,10,1,2,0,0,0,3,1,0
Snora7a,0,0,0,0,0,0,0,0,0,0,0,0,0,0,0,0,0,0,0,0,0,0,0,0,0,0,0,0,0,0,0,0,0,0,0,0,0,0,0,0,0,0,0,0,0,0,0,0,0,0,0,0,0,0,0,0,0,0,0,0,0,0,0,0,0,0,0,0,0,0,0,0,0,0,0,0,0,0,0,0,0,0,0,0,0,0,0,0,0,0,0,0,0,0,0,0,0,0,0,0,0,0,0,0,0,0,0,0,0,0,0,0,0,0,0,0,0,0,0,0,0,0,0,0,0,0,0,0,0,0,0,0,0,0
Scarna10,54,157,78,59,37,74,82,55,71,126,104,162,39,9,0,1,16,36,35,24,58,47,60,35,25,36,6,17,14,4,6,3,5,9,5,2,7,11,10,13,47,0,0,6,96,9,20,15,16,21,7,117,5,15,0,0,0,4,16,6,19,8,8,22,20,25,6,12,1,1,2,2,1,0,0,14,0,6,32,35,43,42,39,42,18,91,36,45,32,61,52,19,21,4,28,51,1,33,2,11,19,23,2,12,7,18,0,0,0,1,0,0,3,1,1,1,0,104,325,25,129,69,171,76,176,192,123,158,273,468,126,188,133,88
Snord23,10,1052,760,402,3,9,15,40,21,92,62,70,3,0,0,0,1,2,5,5,10,6,14,7,8,18,4,76,106,56,16,8,23,19,4,26,32,15,42,9,47,1,0,1,27,12,26,12,33,29,7,81,31,8,3,0,0,0,34,16,36,28,17,37,10,15,5,15,3,2,3,4,2,0,1,6,11,17,17,54,1413,1613,1824,1268,83,135,59,10,14,33,31,13,11,12,1290,1356,5,1367,0,11,5,1,4,37,6,4,0,0,0,0,0,1,2,0,1,0,0,232,176,8,210,39,231,58,200,441,182,54,79,253,33,2019,2257,1404
AF357399,26,295,396,199,12,56,60,300,288,673,500,443,20,13,0,0,16,11,18,77,10,15,60,60,61,75,12,13,18,4,8,4,13,14,6,37,30,23,44,33,181,1,18,5,182,44,33,32,107,167,71,376,61,29,0,0,0,3,57,43,92,74,31,54,41,49,20,80,4,0,1,7,107,52,11,162,30,60,102,164,126,144,163,96,144,302,120,107,72,141,124,79,18,30,50,39,14,76,2,20,34,26,17,95,34,27,3,0,0,6,0,0,23,5,18,19,4,943,684,13,177,38,211,274,636,1227,653,305,360,915,318,209,211,100
Snord88c,180,464,460,230,77,516,742,1396,1344,2896,2870,2579,140,34,0,2,25,51,74,134,376,397,805,536,639,585,24,83,112,33,42,46,87,87,42,290,387,287,773,194,686,0,1,3,212,127,156,24,92,528,547,419,193,237,4,1,1,3,92,138,185,189,172,385,524,264,19,203,15,4,1,11,6,0,0,248,67,225,551,525,611,664,827,448,399,621,274,130,160,443,607,559,69,187,254,213,4,254,2,114,59,43,109,448,255,172,4,0,1,8,2,0,12,1,25,14,0,580,1932,68,842,283,645,470,1806,1968,1162,2109,2351,8104,359,815,879,647
Snord88a,0,0,0,0,0,0,0,0,0,0,0,0,0,0,0,0,0,0,0,0,0,0,0,0,0,0,0,0,0,0,0,0,0,0,0,0,0,0,0,0,0,0,0,0,0,0,0,0,0,0,0,0,0,0,0,0,0,0,0,0,0,0,0,0,0,0,0,0,0,0,0,0,0,0,0,0,0,0,0,0,0,0,0,0,0,0,0,0,0,0,0,0,0,0,0,0,0,0,0,0,0,0,0,0,0,0,0,0,0,0,0,0,0,0,0,0,0,0,0,0,0,0,0,0,0,0,0,0,0,0,0,0,0,0
Snord35b,0,0,0,0,0,0,0,0,0,0,0,0,0,0,0,0,0,0,0,0,0,0,0,0,0,0,0,0,0,0,0,0,0,0,0,0,0,0,0,0,0,0,0,0,0,0,0,0,0,0,0,0,0,0,0,0,0,0,0,0,0,0,0,0,0,0,0,0,0,0,0,0,0,0,0,0,0,0,0,0,0,0,0,0,0,0,0,0,0,0,0,0,0,0,0,0,0,0,0,0,0,0,0,0,0,0,0,0,0,0,0,0,0,0,0,0,0,0,0,0,0,0,0,0,0,0,0,0,0,0,0,0,0,0
Snord35a,294,7081,5369,3478,221,718,863,880,964,2568,2755,1812,147,18,0,1,85,192,58,93,212,136,417,206,269,336,33,705,1124,294,153,43,84,103,29,93,112,105,120,134,374,0,17,12,301,223,181,13,90,435,453,275,53,199,9,1,1,12,73,30,74,42,71,574,116,263,15,93,61,5,9,31,8,151,2,53,44,71,134,232,4569,4605,6178,3559,240,318,141,254,95,330,368,198,72,79,2602,3023,56,3490,21,127,63,64,25,123,42,26,2,6,0,2,1,0,35,1,6,4,2,786,2496,220,6005,1393,5578,464,825,1035,671,1082,1347,1996,710,10790,12356,8015
Snord34,150,13552,9161,5956,106,439,453,571,533,1252,1057,1533,50,1,0,5,62,173,45,113,63,52,86,80,66,106,44,886,1265,344,173,27,42,46,25,58,53,48,163,246,382,0,4,43,273,190,173,21,70,267,174,255,107,90,18,3,2,32,155,76,97,113,70,121,122,89,55,212,72,12,10,71,2,5,3,79,82,156,240,263,8976,9796,12364,7637,177,320,117,192,54,129,207,80,62,48,3877,4741,55,5367,5,64,48,45,16,124,57,36,13,11,0,12,0,2,40,8,50,53,2,1432,1849,269,6644,1625,6377,905,1194,1811,960,880,1207,3053,1356,25737,27053,16583
Snord33,0,0,0,0,0,0,0,0,0,0,0,0,0,0,0,0,0,0,0,0,0,0,0,0,0,0,0,0,0,0,0,0,0,0,0,0,0,0,0,0,0,0,0,0,0,0,0,0,0,0,0,0,0,0,0,0,0,0,0,0,0,0,0,0,0,0,0,0,0,0,0,0,0,0,0,0,0,0,0,0,0,0,0,0,0,0,0,0,0,0,0,0,0,0,0,0,0,0,0,0,0,0,0,0,0,0,0,0,0,0,0,0,0,0,0,0,0,0,0,0,0,0,0,0,0,0,0,0,0,0,0,0,0,0
Snord32a,1605,121490,91306,69261,986,3514,5419,10113,11505,24480,22719,20437,4080,230,1,32,403,1311,2418,2864,5254,3687,9362,4961,5039,6416,1574,11528,17910,7161,2273,1327,1738,1648,1304,3956,2787,2250,5803,1788,4067,1,15,95,2282,2150,1704,214,605,3744,3929,1906,4738,3225,70,6,7,90,4925,3256,4148,3901,2056,2790,2717,2358,1429,2584,341,38,54,240,275,5025,67,3211,2067,2833,4206,13485,204088,198327,245656,126132,11027,15885,6089,6568,2114,3935,6121,2791,1394,1465,78706,94542,313,100303,312,1782,1331,1109,623,3827,1369,813,308,7,1,235,88,105,946,231,713,748,75,59949,35693,2233,60145,13981,50693,31207,53341,81878,46266,20915,21188,79792,30612,292923,309535,197682
Snord116l17,0,0,0,0,0,0,0,0,0,0,0,0,0,0,0,0,0,0,0,0,0,0,0,0,0,0,0,0,0,0,0,0,0,0,0,0,0,0,0,0,0,0,0,0,0,0,0,0,0,0,0,0,0,0,0,0,0,0,0,0,0,0,0,0,0,0,0,0,0,0,0,0,0,0,0,0,0,0,0,0,0,0,0,0,0,0,0,0,0,0,0,0,0,0,0,0,0,0,0,0,0,0,0,0,0,0,0,0,0,0,0,0,0,0,0,0,0,0,0,0,0,0,0,0,0,0,0,0,0,0,0,0,0,0
Snord116l16,0,0,0,0,0,0,0,0,0,0,0,0,0,0,0,0,0,0,0,0,0,0,0,0,0,0,0,0,0,0,0,0,0,0,0,0,0,0,0,0,0,0,0,0,0,0,0,0,0,0,0,0,0,0,0,0,0,0,0,0,0,0,0,0,0,0,0,0,0,0,0,0,0,0,0,0,0,0,0,0,0,0,0,0,0,0,0,0,0,0,0,0,0,0,0,0,0,0,0,0,0,0,0,0,0,0,0,0,0,0,0,0,0,0,0,0,0,0,0,0,0,0,0,0,0,0,0,0,0,0,0,0,0,0
Snord116l15,0,0,0,0,0,0,0,0,0,0,0,0,0,0,0,0,0,0,0,0,0,0,0,0,0,0,0,0,0,0,0,0,0,0,0,0,0,0,0,0,0,0,0,0,0,0,0,0,0,0,0,0,0,0,0,0,0,0,0,0,0,0,0,0,0,0,0,0,0,0,0,0,0,0,0,0,0,0,0,0,0,0,0,0,0,0,0,0,0,0,0,0,0,0,0,0,0,0,0,0,0,0,0,0,0,0,0,0,0,0,0,0,0,0,0,0,0,0,0,0,0,0,0,0,0,0,0,0,0,0,0,0,0,0
Snord116l14,0,0,0,0,0,0,0,0,0,0,0,0,276,2,0,0,24,19,107,199,276,194,61,25,21,46,0,0,0,0,0,0,0,0,0,0,0,0,0,0,0,0,0,0,0,0,0,0,0,0,0,0,0,0,0,0,0,0,0,0,0,0,0,0,0,0,0,0,0,0,0,0,0,0,0,0,0,0,0,0,0,0,0,0,0,0,0,0,0,0,0,0,0,0,0,0,0,0,0,0,0,0,0,0,0,0,0,0,0,0,0,0,0,0,0,0,0,0,0,0,0,0,0,0,0,0,0,0,0,0,0,0,0,0
Snord116l13,0,0,0,0,0,0,0,0,0,0,0,0,0,0,0,0,0,0,0,0,0,0,0,0,0,0,0,0,0,0,0,0,0,0,0,0,0,0,0,0,0,0,0,0,0,0,0,0,0,0,0,0,0,0,0,0,0,0,0,0,0,0,0,0,0,0,0,0,0,0,0,0,0,0,0,0,0,0,0,0,0,0,0,0,0,0,0,0,0,0,0,0,0,0,0,0,0,0,0,0,0,0,0,0,0,0,0,0,0,0,0,0,0,0,0,0,0,0,0,0,0,0,0,0,0,0,0,0,0,0,0,0,0,0
Snord116l2,0,0,0,0,0,0,0,0,0,0,0,0,0,0,0,0,0,0,0,0,0,0,0,0,0,0,0,0,0,0,0,0,0,0,0,0,0,0,0,0,0,0,0,0,0,0,0,0,0,0,0,0,0,0,0,0,0,0,0,0,0,0,0,0,0,0,0,0,0,0,0,0,0,0,0,0,0,0,0,0,0,0,0,0,0,0,0,0,0,0,0,0,0,0,0,0,0,0,0,0,0,0,0,0,0,0,0,0,0,0,0,0,0,0,0,0,0,0,0,0,0,0,0,0,0,0,0,0,0,0,0,0,0,0
Snord116l8,0,0,0,0,0,0,0,0,0,0,0,0,0,0,0,0,0,0,0,0,0,0,0,0,0,0,0,0,0,0,0,0,0,0,0,0,0,0,0,0,0,0,0,0,0,0,0,0,0,0,0,0,0,0,0,0,0,0,0,0,0,0,0,0,0,0,0,0,0,0,0,0,0,0,0,0,0,0,0,0,0,0,0,0,0,0,0,0,0,0,0,0,0,0,0,0,0,0,0,0,0,0,0,0,0,0,0,0,0,0,0,0,0,0,0,0,0,0,0,0,0,0,0,0,0,0,0,0,0,0,0,0,0,0
Snord116l7,0,0,0,0,0,0,0,0,0,0,0,0,0,0,0,0,0,0,0,0,0,0,0,0,0,0,0,0,0,0,0,0,0,0,0,0,0,0,0,0,0,0,0,0,0,0,0,0,0,0,0,0,0,0,0,0,0,0,0,0,0,0,0,0,0,0,0,0,0,0,0,0,0,0,0,0,0,0,0,0,0,0,0,0,0,0,0,0,0,0,0,0,0,0,0,0,0,0,0,0,0,0,0,0,0,0,0,0,0,0,0,0,0,0,0,0,0,0,0,0,0,0,0,0,0,0,0,0,0,0,0,0,0,0
Snord116l6,0,0,0,0,0,0,0,0,0,0,0,0,0,0,0,0,0,0,0,0,0,0,0,0,0,0,0,0,0,0,0,0,0,0,0,0,0,0,0,0,0,0,0,0,0,0,0,0,0,0,0,0,0,0,0,0,0,0,0,0,0,0,0,0,0,0,0,0,0,0,0,0,0,0,0,0,0,0,0,0,0,0,0,0,0,0,0,0,0,0,0,0,0,0,0,0,0,0,0,0,0,0,0,0,0,0,0,0,0,0,0,0,0,0,0,0,0,0,0,0,0,0,0,0,0,0,0,0,0,0,0,0,0,0
Snord116l5,0,0,0,0,0,0,0,0,0,0,0,0,0,0,0,0,0,0,0,0,0,0,0,0,0,0,0,0,0,0,0,0,0,0,0,0,0,0,0,0,0,0,0,0,0,0,0,0,0,0,0,0,0,0,0,0,0,0,0,0,0,0,0,0,0,0,0,0,0,0,0,0,0,0,0,0,0,0,0,0,0,0,0,0,0,0,0,0,0,0,0,0,0,0,0,0,0,0,0,0,0,0,0,0,0,0,0,0,0,0,0,0,0,0,0,0,0,0,0,0,0,0,0,0,0,0,0,0,0,0,0,0,0,0
Snord116l4,0,0,0,0,0,0,0,0,0,0,0,0,0,0,0,0,0,0,0,0,0,0,0,0,0,0,0,0,0,0,0,0,0,0,0,0,0,0,0,0,0,0,0,0,0,0,0,0,0,0,0,0,0,0,0,0,0,0,0,0,0,0,0,0,0,0,0,0,0,0,0,0,0,0,0,0,0,0,0,0,0,0,0,0,0,0,0,0,0,0,0,0,0,0,0,0,0,0,0,0,0,0,0,0,0,0,0,0,0,0,0,0,0,0,0,0,0,0,0,0,0,0,0,0,0,0,0,0,0,0,0,0,0,0
Snord116l3,0,0,0,0,0,0,0,0,0,0,0,0,0,0,0,0,0,0,0,0,0,0,0,0,0,0,0,0,0,0,0,0,0,0,0,0,0,0,0,0,0,0,0,0,0,0,0,0,0,0,0,0,0,0,0,0,0,0,0,0,0,0,0,0,0,0,0,0,0,0,0,0,0,0,0,0,0,0,0,0,0,0,0,0,0,0,0,0,0,0,0,0,0,0,0,0,0,0,0,0,0,0,0,0,0,0,0,0,0,0,0,0,0,0,0,0,0,0,0,0,0,0,0,0,0,0,0,0,0,0,0,0,0,0
Snord116l1,0,0,0,0,0,0,0,0,0,0,0,0,0,0,0,0,0,0,0,0,0,0,0,0,0,0,0,0,0,0,0,0,0,0,0,0,0,0,0,0,0,0,0,0,0,0,0,0,0,0,0,0,0,0,0,0,0,0,0,0,0,0,0,0,0,0,0,0,0,0,0,0,0,0,0,0,0,0,0,0,0,0,0,0,0,0,0,0,0,0,0,0,0,0,0,0,0,0,0,0,0,0,0,0,0,0,0,0,0,0,0,0,0,0,0,0,0,0,0,0,0,0,0,0,0,0,0,0,0,0,0,0,0,0
Snord116l9,0,0,6,0,0,0,0,0,0,0,0,0,0,0,0,0,1,3,0,0,4,1,3,0,0,0,0,0,0,0,0,0,0,0,0,0,0,0,0,0,0,0,0,0,0,0,0,0,0,0,0,0,0,0,0,0,0,0,0,0,0,0,0,0,0,0,0,0,0,0,0,0,0,0,0,0,0,0,0,0,0,1,1,2,0,0,0,0,0,0,0,0,0,0,0,0,0,0,0,0,0,0,0,0,0,0,0,0,0,0,0,0,0,0,0,0,0,0,0,0,0,0,0,0,0,0,0,0,0,0,0,0,1,0
Snord116l10,0,0,0,0,0,0,0,0,0,0,0,0,0,0,0,0,0,0,0,0,0,0,0,0,0,0,0,0,0,0,0,0,0,0,0,0,0,0,0,0,0,0,0,0,0,0,0,0,0,0,0,0,0,0,0,0,0,0,0,0,0,0,0,0,0,0,0,0,0,0,0,0,0,0,0,0,0,0,0,0,0,0,0,0,0,0,0,0,0,0,0,0,0,0,0,0,0,0,0,0,0,0,0,0,0,0,0,0,0,0,0,0,0,0,0,0,0,0,0,0,0,0,0,0,0,0,0,0,0,0,0,0,0,0
Snord116l11,0,0,0,0,0,0,0,0,0,0,0,0,0,0,0,0,0,0,0,0,0,0,0,0,0,0,0,0,0,0,0,0,0,0,0,0,0,0,0,0,0,0,0,0,0,0,0,0,0,0,0,0,0,0,0,0,0,0,0,0,0,0,0,0,0,0,0,0,0,0,0,0,0,0,0,0,0,0,0,0,0,0,0,0,0,0,0,0,0,0,0,0,0,0,0,0,0,0,0,0,0,0,0,0,0,0,0,0,0,0,0,0,0,0,0,0,0,0,0,0,0,0,0,0,0,0,0,0,0,0,0,0,0,0
Snord116l12,0,0,0,0,0,0,0,0,0,0,0,0,8,0,0,0,0,0,0,3,11,6,4,0,0,0,0,0,0,0,0,0,0,0,0,0,0,0,0,0,0,0,0,0,0,0,0,0,0,0,0,0,0,0,0,0,0,0,0,0,0,0,0,0,0,0,0,0,0,0,0,0,0,0,0,0,0,0,0,0,0,0,0,0,0,0,0,0,0,0,0,0,0,0,0,0,0,0,0,0,0,0,0,0,0,0,0,0,0,0,0,0,0,0,0,0,0,0,0,0,0,0,0,0,0,0,0,0,0,0,0,0,0,0
Snord64,0,0,0,0,0,0,0,0,0,0,0,0,0,0,0,0,0,0,0,0,0,0,0,0,0,0,0,0,0,0,0,0,0,0,0,0,0,0,0,0,0,0,0,0,0,0,0,0,0,0,0,0,0,0,0,0,0,0,0,0,0,0,0,0,0,0,0,0,0,0,0,0,0,0,0,0,0,0,0,0,0,0,0,0,0,0,0,0,0,0,0,0,0,0,0,0,0,0,0,0,0,0,0,0,0,0,0,0,0,0,0,0,0,0,0,0,0,0,0,0,0,0,0,0,0,0,0,0,0,0,0,0,0,0
Snord107,0,0,0,0,0,0,0,0,0,0,0,0,0,0,0,0,0,0,0,0,0,0,0,0,0,0,0,0,0,0,0,0,0,0,0,0,0,0,0,0,0,0,0,0,0,0,0,0,0,0,0,0,0,0,0,0,0,0,0,0,0,0,0,0,0,0,0,0,0,0,0,0,0,0,0,0,0,0,0,0,0,0,0,0,0,0,0,0,0,0,0,0,0,0,0,0,0,0,0,0,0,0,0,0,0,0,0,0,0,0,0,0,0,0,0,0,0,0,0,0,0,0,0,0,0,0,0,0,0,0,0,0,0,0
Snord15b,0,0,0,0,0,0,0,0,0,0,0,0,0,0,0,0,0,0,0,0,0,0,0,0,0,0,0,0,0,0,0,0,0,0,0,0,0,0,0,0,0,0,0,0,0,0,0,0,0,0,0,0,0,0,0,0,0,0,0,0,0,0,0,0,0,0,0,0,0,0,0,0,0,0,0,0,0,0,0,0,0,0,0,0,0,0,0,0,0,0,0,0,0,0,0,0,0,0,0,0,0,0,0,0,0,0,0,0,0,0,0,0,0,0,0,0,0,0,0,0,0,0,0,0,0,0,0,0,0,0,0,0,0,0
Snord15a,440,573,537,254,384,1085,1593,668,593,1344,1379,1419,108,6,0,2,11,21,53,68,105,102,58,52,72,93,58,36,64,12,16,87,97,116,60,60,59,58,99,259,299,0,16,27,615,204,288,48,74,251,167,180,223,154,8,0,0,8,208,152,221,191,51,119,133,108,82,111,16,7,4,19,12,519,7,56,72,124,236,1102,410,414,519,265,694,1282,560,414,108,259,427,185,151,60,149,194,8,237,37,315,134,139,46,79,46,43,13,3,1,10,2,2,62,8,17,37,2,3721,2387,222,1062,480,841,2692,4862,5451,3585,1198,1520,2073,1157,768,623,511
Snora3,0,0,0,0,0,0,0,0,0,0,0,0,0,0,0,0,0,0,0,0,0,0,0,0,0,0,0,0,0,0,0,0,0,0,0,0,0,0,0,0,0,0,0,0,0,0,0,0,0,0,0,0,0,0,0,0,0,0,0,0,0,0,0,0,0,0,0,0,0,0,0,0,0,0,0,0,0,0,0,0,0,0,0,0,0,0,0,0,0,0,0,0,0,0,0,0,0,0,0,0,0,0,0,0,0,0,0,0,0,0,0,0,0,0,0,0,0,0,0,0,0,0,0,0,0,0,0,0,0,0,0,0,0,0
Snora23,2,23,106,57,0,3,8,7,6,11,8,10,7,0,0,0,0,0,3,9,5,6,4,1,4,4,0,3,1,0,0,3,2,2,1,0,4,2,1,2,11,0,0,0,28,1,4,8,11,4,0,81,5,8,0,0,0,1,7,5,4,7,1,6,4,6,1,0,1,0,0,0,0,0,0,0,4,5,1,9,9,6,20,12,7,18,2,8,2,8,8,6,1,0,1,9,0,8,0,2,1,0,0,2,0,2,0,0,0,0,0,0,0,4,0,0,0,68,73,2,14,7,24,20,36,90,40,30,47,67,53,29,27,17
Snord14a,0,0,0,0,0,0,0,0,0,0,0,0,0,0,0,0,0,0,0,0,0,0,0,0,0,0,0,0,0,0,0,0,0,0,0,0,0,0,0,0,0,0,0,0,0,0,0,0,0,0,0,0,0,0,0,0,0,0,0,0,0,0,0,0,0,0,0,0,0,0,0,0,0,0,0,0,0,0,0,0,0,0,0,0,0,0,0,0,0,0,0,0,0,0,0,0,0,0,0,0,0,0,0,0,0,0,0,0,0,0,0,0,0,0,0,0,0,0,0,0,0,0,0,0,0,0,0,0,0,0,0,0,0,0
Snora30,8,27,69,90,2,5,13,10,8,13,21,21,34,1,0,7,2,18,18,35,31,30,37,23,27,46,9,7,14,2,1,7,6,10,3,3,12,5,12,6,7,0,1,0,10,7,7,6,7,9,4,40,7,15,1,0,0,3,12,6,7,12,6,9,13,9,1,6,0,0,1,0,0,31,0,0,3,5,6,30,44,93,58,37,17,42,14,54,23,47,38,14,19,8,24,41,0,45,6,26,17,18,5,17,9,3,0,0,0,0,0,0,1,0,0,1,0,54,109,7,33,24,37,31,42,64,42,30,40,200,42,47,30,15
Snora52,0,0,0,0,0,0,0,0,0,0,0,0,0,0,0,0,0,0,0,0,0,0,0,0,0,0,0,0,0,0,0,0,0,0,0,0,0,0,0,0,0,0,0,0,0,0,0,0,0,0,0,0,0,0,0,0,0,0,0,0,0,0,0,0,0,0,0,0,0,0,0,0,0,0,0,0,0,0,0,0,0,0,0,0,0,0,0,0,0,0,0,0,0,0,0,0,0,0,0,0,0,0,0,0,0,0,0,0,0,0,0,0,0,0,0,0,0,0,0,0,0,0,0,0,0,0,0,0,0,0,0,0,0,0
Snord13,41,745,451,191,25,116,134,351,316,647,570,681,73,7,2,1,25,75,23,54,62,63,79,55,56,87,46,425,447,125,136,26,44,48,27,44,45,44,110,52,206,0,3,10,84,79,49,4,36,130,99,111,95,110,13,3,1,19,125,66,98,101,39,97,62,91,29,91,58,7,17,48,4,424,4,65,80,104,141,179,2171,2063,3081,1998,135,250,107,261,70,153,223,73,37,25,539,632,8,609,6,65,46,29,6,64,16,15,0,0,0,1,0,0,9,3,2,12,0,633,782,131,2857,652,2222,214,489,636,470,321,489,735,363,1049,1153,931
Snora68,0,0,0,0,0,0,0,0,0,0,0,0,0,0,0,0,0,0,0,0,0,0,0,0,0,0,0,0,0,0,0,0,0,0,0,0,0,0,0,0,0,0,0,0,0,0,0,0,0,0,0,0,0,0,0,0,0,0,0,0,0,0,0,0,0,0,0,0,0,0,0,0,0,0,0,0,0,0,0,0,0,0,0,0,0,0,0,0,0,0,0,0,0,0,0,0,0,0,0,0,0,0,0,0,0,0,0,0,0,0,0,0,0,0,0,0,0,0,0,0,0,0,0,0,0,0,0,0,0,0,0,0,0,0
Snord71,67,23516,17049,6130,32,184,362,255,258,540,512,527,166,11,0,26,1105,2498,157,199,267,213,241,127,181,241,158,9011,12248,3005,2120,163,196,153,129,269,232,188,640,197,211,2,22,74,199,76,66,16,49,148,78,164,904,475,103,10,19,239,741,638,868,853,271,638,449,420,159,285,587,65,75,509,19,789,8,83,211,304,388,1259,65004,71321,86746,57827,901,1361,557,506,189,427,656,245,199,163,23835,27095,689,28261,56,256,191,171,104,362,232,133,25,33,7,26,2,7,123,46,92,76,17,1799,1212,1096,45072,9504,38780,1113,2218,2541,1600,741,994,1581,667,33483,37034,23799
Snord111,0,0,0,0,0,0,0,0,0,0,0,0,0,0,0,0,0,0,0,0,0,0,0,0,0,0,0,0,0,0,0,0,0,0,0,0,0,0,0,0,0,0,0,0,0,0,0,0,0,0,0,0,0,0,0,0,0,0,0,0,0,0,0,0,0,0,0,0,0,0,0,0,0,0,0,0,0,0,0,0,0,0,0,0,0,0,0,0,0,0,0,0,0,0,0,0,0,0,0,0,0,0,0,0,0,0,0,0,0,0,0,0,0,0,0,0,0,0,0,0,0,0,0,0,0,0,0,0,0,0,0,0,0,0
Snord68,0,0,0,0,0,0,0,0,0,0,0,0,0,0,0,0,0,0,0,0,0,0,0,0,0,0,0,0,0,0,0,0,0,0,0,0,0,0,0,0,0,0,0,0,0,0,0,0,0,0,0,0,0,0,0,0,0,0,0,0,0,0,0,0,0,0,0,0,0,0,0,0,0,0,0,0,0,0,0,0,0,0,0,0,0,0,0,0,0,0,0,0,0,0,0,0,0,0,0,0,0,0,0,0,0,0,0,0,0,0,0,0,0,0,0,0,0,0,0,0,0,0,0,0,0,0,0,0,0,0,0,0,0,0
Scarna9,268,593,376,287,189,772,1183,412,440,1053,828,920,448,9,0,3,34,49,301,448,489,352,301,154,164,177,49,51,67,25,9,45,62,76,89,32,35,26,65,183,138,0,7,5,329,156,173,26,43,105,64,87,180,138,3,1,0,4,116,108,155,136,54,106,161,102,25,96,7,1,1,8,14,196,5,117,46,78,227,330,669,746,895,534,183,406,148,428,134,284,451,146,108,61,933,1086,7,982,24,158,140,100,34,133,66,37,2,1,0,10,0,0,47,3,2,8,0,1794,2075,84,637,263,642,816,1680,2620,1546,1126,1163,3164,1031,818,838,501
Snord14c,0,0,0,0,0,0,0,0,0,0,0,0,0,0,0,0,0,0,0,0,0,0,0,0,0,0,0,0,0,0,0,0,0,0,0,0,0,0,0,0,0,0,0,0,0,0,0,0,0,0,0,0,0,0,0,0,0,0,0,0,0,0,0,0,0,0,0,0,0,0,0,0,0,0,0,0,0,0,0,0,0,0,0,0,0,0,0,0,0,0,0,0,0,0,0,0,0,0,0,0,0,0,0,0,0,0,0,0,0,0,0,0,0,0,0,0,0,0,0,0,0,0,0,0,0,0,0,0,0,0,0,0,0,0
Snord14d,0,0,0,0,0,0,0,0,0,0,0,0,0,0,0,0,0,0,0,0,0,0,0,0,0,0,0,0,0,0,0,0,0,0,0,0,0,0,0,0,0,0,0,0,0,0,0,0,0,0,0,0,0,0,0,0,0,0,0,0,0,0,0,0,0,0,0,0,0,0,0,0,0,0,0,0,0,0,0,0,0,0,0,0,0,0,0,0,0,0,0,0,0,0,0,0,0,0,0,0,0,0,0,0,0,0,0,0,0,0,0,0,0,0,0,0,0,0,0,0,0,0,0,0,0,0,0,0,0,0,0,0,0,0
Snord14e,0,0,0,0,0,0,0,0,0,0,0,0,0,0,0,0,0,0,0,0,0,0,0,0,0,0,0,0,0,0,0,0,0,0,0,0,0,0,0,0,0,0,0,0,0,0,0,0,0,0,0,0,0,0,0,0,0,0,0,0,0,0,0,0,0,0,0,0,0,0,0,0,0,0,0,0,0,0,0,0,0,0,0,0,0,0,0,0,0,0,0,0,0,0,0,0,0,0,0,0,0,0,0,0,0,0,0,0,0,0,0,0,0,0,0,0,0,0,0,0,0,0,0,0,0,0,0,0,0,0,0,0,0,0
Snord16a,0,0,0,0,0,0,0,0,0,0,0,0,0,0,0,0,0,0,0,0,0,0,0,0,0,0,0,0,0,0,0,0,0,0,0,0,0,0,0,0,0,0,0,0,0,0,0,0,0,0,0,0,0,0,0,0,0,0,0,0,0,0,0,0,0,0,0,0,0,0,0,0,0,0,0,0,0,0,0,0,0,0,0,0,0,0,0,0,0,0,0,0,0,0,0,0,0,0,0,0,0,0,0,0,0,0,0,0,0,0,0,0,0,0,0,0,0,0,0,0,0,0,0,0,0,0,0,0,0,0,0,0,0,0
Snord50a,0,0,0,0,0,0,0,0,0,0,0,0,0,0,0,0,0,0,0,0,0,0,0,0,0,0,0,0,0,0,0,0,0,0,0,0,0,0,0,0,0,0,0,0,0,0,0,0,0,0,0,0,0,0,0,0,0,0,0,0,0,0,0,0,0,0,0,0,0,0,0,0,0,0,0,0,0,0,0,0,0,0,0,0,0,0,0,0,0,0,0,0,0,0,0,0,0,0,0,0,0,0,0,0,0,0,0,0,0,0,0,0,0,0,0,0,0,0,0,0,0,0,0,0,0,0,0,0,0,0,0,0,0,0
Snord50b,0,0,0,0,0,0,0,0,0,0,0,0,0,0,0,0,0,0,0,0,0,0,0,0,0,0,0,0,0,0,0,0,0,0,0,0,0,0,0,0,0,0,0,0,0,0,0,0,0,0,0,0,0,0,0,0,0,0,0,0,0,0,0,0,0,0,0,0,0,0,0,0,0,0,0,0,0,0,0,0,0,0,0,0,0,0,0,0,0,0,0,0,0,0,0,0,0,0,0,0,0,0,0,0,0,0,0,0,0,0,0,0,0,0,0,0,0,0,0,0,0,0,0,0,0,0,0,0,0,0,0,0,0,0
Snora62,35,203,420,478,18,55,100,95,69,187,150,163,6,2,0,0,0,7,13,24,26,22,32,17,28,32,14,6,9,6,4,1,5,3,8,10,21,8,21,15,80,0,2,7,118,9,27,39,81,44,22,164,15,15,0,2,0,1,10,16,23,25,4,8,13,7,2,6,3,0,0,0,0,14,0,8,5,6,20,31,21,27,27,27,26,50,22,43,4,20,13,8,19,6,45,29,2,36,0,13,14,20,16,41,21,9,2,3,2,2,0,0,2,2,1,2,0,170,136,7,97,33,124,109,183,401,177,66,73,210,68,130,131,59
Snora33,0,0,0,0,0,0,0,0,0,0,0,0,0,0,0,0,0,0,0,0,0,0,0,0,0,0,0,0,0,0,0,0,0,0,0,0,0,0,0,0,0,0,0,0,0,0,0,0,0,0,0,0,0,0,0,0,0,0,0,0,0,0,0,0,0,0,0,0,0,0,0,0,0,0,0,0,0,0,0,0,0,0,0,0,0,0,0,0,0,0,0,0,0,0,0,0,0,0,0,0,0,0,0,0,0,0,0,0,0,0,0,0,0,0,0,0,0,0,0,0,0,0,0,0,0,0,0,0,0,0,0,0,0,0
Snord100,0,0,0,0,0,0,0,0,0,0,0,0,0,0,0,0,0,0,0,0,0,0,0,0,0,0,0,0,0,0,0,0,0,0,0,0,0,0,0,0,0,0,0,0,0,0,0,0,0,0,0,0,0,0,0,0,0,0,0,0,0,0,0,0,0,0,0,0,0,0,0,0,0,0,0,0,0,0,0,0,0,0,0,0,0,0,0,0,0,0,0,0,0,0,0,0,0,0,0,0,0,0,0,0,0,0,0,0,0,0,0,0,0,0,0,0,0,0,0,0,0,0,0,0,0,0,0,0,0,0,0,0,0,0
Rnu3a,0,0,0,0,0,0,0,0,0,0,0,0,0,0,0,0,0,0,0,0,0,0,0,0,0,0,0,0,0,0,0,0,0,0,0,0,0,0,0,0,0,0,0,0,0,0,0,0,0,0,0,0,0,0,0,0,0,0,0,0,0,0,0,0,0,0,0,0,0,0,0,0,0,0,0,0,0,0,0,0,0,0,0,0,0,0,0,0,0,0,0,0,0,0,0,0,0,0,0,0,0,0,0,0,0,0,0,0,0,0,0,0,0,0,0,0,0,0,0,0,0,0,0,0,0,0,0,0,0,0,0,0,0,0
Rnu3a.1,0,0,0,0,0,1,0,1,1,3,2,1,0,0,0,0,0,0,0,0,0,0,0,0,0,0,0,0,0,0,0,0,0,0,0,0,0,0,0,0,1,0,0,0,0,0,0,0,0,0,0,0,0,0,0,0,0,0,0,0,0,0,0,0,0,0,0,0,0,0,0,0,0,0,0,0,0,0,0,0,0,0,0,0,0,0,0,0,0,0,0,0,0,0,0,0,0,0,0,0,0,0,0,0,0,0,0,0,0,0,0,0,0,0,0,0,0,0,0,0,0,0,0,1,0,0,0,0,0,0,0,0,0,0
Snord98,431,1646,1170,624,203,1099,2052,1089,1075,2567,2654,2272,1651,194,3,21,138,261,553,613,2149,1584,1151,603,674,721,351,946,1057,278,435,729,847,885,415,646,589,500,1114,1303,639,1,33,77,1543,895,976,156,194,737,496,652,3208,2194,75,21,15,93,2213,2078,2763,2466,1055,1839,1841,1287,548,1657,144,52,55,163,100,863,23,433,1000,1871,1288,3643,2249,2238,3096,2005,2781,3748,1499,1366,616,1396,2492,1570,1529,694,1842,2166,134,1940,329,2109,1002,921,412,1129,546,209,111,9,4,103,20,42,647,54,450,317,11,11026,6000,589,3604,1404,3065,4588,11026,15362,9183,2912,4684,5305,2164,2316,2347,1831
Snord37,280,23534,16349,10021,212,688,761,1803,1733,3745,3519,3865,741,102,2,13,225,854,354,431,667,522,933,517,597,723,463,6406,8885,2883,1521,315,381,435,311,705,469,439,1316,421,1013,0,20,52,445,368,375,49,268,860,610,599,1512,909,75,11,6,180,1438,1099,1601,1347,563,989,771,655,348,841,447,32,58,352,59,1189,13,595,538,832,1015,2602,33899,34421,42915,28266,2109,3067,1131,1206,358,599,955,508,432,343,25744,26379,154,25845,132,542,349,352,141,985,402,214,30,13,2,32,9,11,335,47,115,129,15,11825,5138,887,21978,5381,19543,5008,10211,15671,9383,2684,2813,6432,3396,44337,47930,32290
Snord59a,231,10702,7859,4494,197,550,805,508,449,1002,924,924,960,14,0,4,168,531,666,899,1323,1061,738,364,474,558,910,7904,9959,5167,1329,648,780,918,547,562,449,441,1112,585,458,0,3,20,600,349,313,62,84,292,233,290,445,894,11,1,2,26,429,391,504,482,359,762,754,563,98,559,127,10,23,126,17,66,3,272,337,625,932,774,16820,17135,21581,14431,636,794,427,959,259,518,903,597,1027,455,54759,53041,358,42256,118,1484,952,627,326,1048,545,429,52,4,0,37,16,9,158,24,142,172,13,1796,2495,192,5766,1287,5457,845,1747,2356,1355,1276,1504,2985,1344,37938,37945,26313
Mir677.1,0,0,0,0,0,0,0,0,0,0,0,0,0,0,0,0,0,0,0,0,0,0,0,0,0,0,0,0,0,0,0,0,0,0,0,0,0,0,0,0,0,0,0,0,0,0,0,0,0,0,0,0,0,0,0,0,0,0,0,0,0,0,0,0,0,0,0,0,0,0,0,0,0,0,0,0,0,0,0,0,0,0,0,0,0,0,0,0,0,0,0,0,0,0,0,0,0,0,0,0,0,0,0,0,0,0,0,0,0,0,0,0,0,0,0,0,0,0,0,0,0,0,0,0,0,0,0,0,0,0,0,0,0,0
Snora9,0,0,0,0,0,0,0,0,0,0,0,0,0,0,0,0,0,0,0,0,0,0,0,0,0,0,0,0,0,0,0,0,0,0,0,0,0,0,0,0,0,0,0,0,0,0,0,0,0,0,0,0,0,0,0,0,0,0,0,0,0,0,0,0,0,0,0,0,0,0,0,0,0,0,0,0,0,0,0,0,0,0,0,0,0,0,0,0,0,0,0,0,0,0,0,0,0,0,0,0,0,0,0,0,0,0,0,0,0,0,0,0,0,0,0,0,0,0,0,0,0,0,0,0,0,0,0,0,0,0,0,0,0,0
Snora5c,0,0,0,0,0,0,0,0,0,0,0,0,0,0,0,0,0,0,0,0,0,0,0,0,0,0,0,0,0,0,0,0,0,0,0,0,0,0,0,0,0,0,0,0,0,0,0,0,0,0,0,0,0,0,0,0,0,0,0,0,0,0,0,0,0,0,0,0,0,0,0,0,0,0,0,0,0,0,0,0,0,0,0,0,0,0,0,0,0,0,0,0,0,0,0,0,0,0,0,0,0,0,0,0,0,0,0,0,0,0,0,0,0,0,0,0,0,0,0,0,0,0,0,0,0,0,0,0,0,0,0,0,0,0
Snord96a,0,0,0,0,0,0,0,0,0,0,0,0,0,0,0,0,0,0,0,0,0,0,0,0,0,0,0,0,0,0,0,0,0,0,0,0,0,0,0,0,0,0,0,0,0,0,0,0,0,0,0,0,0,0,0,0,0,0,0,0,0,0,0,0,0,0,0,0,0,0,0,0,0,0,0,0,0,0,0,0,0,0,0,0,0,0,0,0,0,0,0,0,0,0,0,0,0,0,0,0,0,0,0,0,0,0,0,0,0,0,0,0,0,0,0,0,0,0,0,0,0,0,0,0,0,0,0,0,0,0,0,0,0,0
Snord95,0,0,0,0,0,0,0,0,0,0,0,0,0,0,0,0,0,0,0,0,0,0,0,0,0,0,0,0,0,0,0,0,0,0,0,0,0,0,0,0,0,0,0,0,0,0,0,0,0,0,0,0,0,0,0,0,0,0,0,0,0,0,0,0,0,0,0,0,0,0,0,0,0,0,0,0,0,0,0,0,0,0,0,0,0,0,0,0,0,0,0,0,0,0,0,0,0,0,0,0,0,0,0,0,0,0,0,0,0,0,0,0,0,0,0,0,0,0,0,0,0,0,0,0,0,0,0,0,0,0,0,0,0,0
Snord49b,729,129098,92858,53936,445,1629,2397,3961,4119,9025,7487,8893,1369,25,2,141,934,3361,1095,1625,1775,1311,1839,1287,1433,1770,1101,8078,13458,4642,1942,507,694,696,506,866,826,630,1903,1507,1886,2,66,400,1735,872,829,135,329,1220,1183,1046,890,1220,200,25,28,248,697,587,818,840,406,798,867,609,272,908,640,153,141,602,36,1258,11,644,658,1070,1812,3667,105379,115770,139783,87234,2529,3737,1438,3964,818,1611,3218,1515,816,609,46090,59262,285,67213,96,1068,648,761,311,1452,573,359,206,51,10,132,40,46,526,629,1367,1786,186,12318,16875,4521,79299,19312,67887,5671,12502,16431,10306,8671,8719,26271,10753,172368,180636,111835
Snord49a,1566,3705361,2508625,1575264,1234,4277,5095,5648,5084,10400,9273,11190,776,23,37,670,25220,73656,894,1945,1087,1150,1162,1066,1192,1467,937,85372,148460,41645,19341,402,590,592,468,524,599,448,1388,1593,2840,13,1015,3395,2603,819,850,176,555,1507,958,1426,365,901,762,74,71,1154,435,323,493,470,300,613,653,441,250,677,17011,1481,1848,15269,53,932,29,387,415,902,1250,3479,1988031,2030190,2508580,1352647,2545,4174,1889,5031,1222,2289,3878,1854,666,404,736751,1164530,13885,1373134,78,950,619,752,199,1056,466,388,134,1790,100,100,31,40,556,246,825,874,64,9373,22742,58743,1974112,453617,1596864,6479,11389,13303,8463,11142,11437,27123,11985,3748837,4204082,2489523
Snord65,175,6925,4329,2194,42,205,931,2945,2095,4133,3167,4507,54,42,2,44,239,524,46,216,77,57,230,252,280,365,28,709,1128,444,285,64,65,74,99,111,123,93,215,311,1329,11,225,630,449,383,325,135,596,1257,372,1036,3958,327,92,36,14,726,1368,1918,3345,2053,792,670,1409,2286,344,1191,76,33,49,132,270,541,12,315,102,246,594,3320,4096,3927,5009,3162,2766,1820,1477,282,549,392,736,407,38,104,3503,3015,108,3166,24,49,51,50,64,239,155,154,387,224,67,964,32,105,1149,62,374,905,15,12751,2696,2061,8296,3698,6791,6184,23228,27333,15065,2767,6852,7697,1495,9043,10416,5914
Snord118,945,3369,2632,1357,658,1968,2477,2899,2632,5336,5136,5347,2375,70,0,13,136,252,1441,1242,2653,1897,1935,902,844,987,773,471,607,152,275,456,741,779,529,557,636,447,1393,1786,1713,2,55,96,2534,1020,1150,319,486,1132,764,2807,1077,1875,44,10,11,82,1124,710,1021,944,842,1523,1131,1092,1100,4484,809,192,218,765,220,10441,70,2582,2592,4028,7288,3534,4491,4879,6207,3570,3166,4012,1846,4542,942,1793,3445,2124,2722,1313,2875,3615,191,3545,565,3646,1769,1968,747,2635,1353,799,43,13,4,45,9,12,294,201,326,305,80,8958,11295,1131,6289,2619,4657,4945,8824,10415,6785,5353,6054,12623,6366,4585,4169,2912
Snord91a,493,58961,47282,24125,230,1048,1846,2007,1884,3821,3664,3165,1316,232,1,7,499,502,454,892,1192,1051,1144,794,965,1239,319,1910,3285,2360,316,323,476,368,179,423,444,307,728,1411,1223,1,9,13,1738,604,649,191,390,1107,698,1151,2063,1612,19,0,3,30,1309,1398,1845,1918,648,1386,1270,1012,572,1619,118,11,10,107,222,3539,60,1305,890,1962,2144,5798,65119,66452,74982,43010,4134,6162,3244,2248,591,1304,2315,1430,894,539,45612,52621,631,56361,389,1235,687,764,332,1049,534,354,298,22,7,262,56,64,1000,292,1180,1050,87,14126,8895,315,8834,1714,7489,8198,19801,26201,14122,5079,6412,11314,4464,133490,137049,77401
Snord42a,184,15793,12171,4925,79,417,463,1186,1285,2925,2186,2699,94,3,0,5,60,305,129,255,215,192,366,289,206,330,244,2049,2955,1101,555,115,130,149,91,317,294,211,642,175,660,0,6,47,238,103,110,18,142,377,383,317,98,192,31,4,5,41,120,70,134,86,72,166,209,168,37,341,182,40,45,175,5,29,1,92,52,188,618,330,27816,32683,36468,23736,201,343,204,524,139,366,529,207,204,184,23543,23470,47,25491,5,218,207,126,91,489,200,139,9,12,1,11,2,3,37,17,48,68,6,544,2083,427,8415,2075,7385,494,868,1056,634,1041,1043,3089,1243,54919,52398,31913
Snord4a,1071,33450,24062,10789,420,2192,5071,6518,5392,12003,12360,10266,6003,530,1,9,759,1758,2437,2302,6650,4429,4649,2227,2692,3194,1452,9866,13439,4367,1881,2027,2193,1751,1164,2309,1993,1659,3615,2643,3162,1,34,83,3285,2347,3008,333,983,3099,2061,2759,2420,5915,45,8,7,119,1675,1628,1984,1809,2567,5545,4609,3815,606,5730,610,48,74,463,323,2478,89,2316,3535,6803,4242,4557,52555,55247,68750,45977,3508,4014,1464,7296,2038,4061,9285,2286,2931,1750,44184,50815,837,49367,1067,3707,2307,2236,901,3202,1330,561,146,53,4,135,32,40,698,617,1222,1304,202,21509,34340,1336,50232,9733,43223,6897,18539,27074,15702,20004,27401,29156,24900,87304,96586,72205
Snord42b,1924,1529,1027,504,784,4141,6285,2139,1917,4741,4887,4288,2588,71,0,1,31,54,2593,3414,3198,2530,1912,1000,1041,1230,2275,278,392,121,64,1485,1845,1939,1651,778,951,749,1971,1792,1353,0,2,4,2724,1452,1619,162,207,950,803,765,3392,2921,5,0,0,5,4153,2598,4057,3559,742,1807,2540,1603,1416,2139,22,6,6,29,127,1245,44,3605,557,1588,6298,13301,3263,3150,4137,2559,9050,12692,5424,8647,2296,4038,7257,2800,3654,1170,2377,2516,30,2729,629,4578,2862,2612,867,1939,1487,1399,104,0,0,103,8,27,780,177,238,342,61,32532,26728,113,2146,506,1692,23269,39556,46859,29835,17025,14068,50080,19895,2866,2451,1725
Snord7,2,43,20,4,3,1,16,7,5,23,14,14,3,0,0,0,0,1,1,0,2,1,1,0,1,1,0,2,4,3,0,1,3,2,0,3,1,0,4,2,3,0,0,0,7,2,20,0,2,4,0,15,3,3,0,0,0,0,3,1,1,0,1,6,1,3,0,1,0,0,1,0,0,0,0,1,0,0,1,3,28,36,38,20,0,4,1,3,1,1,1,0,1,1,20,27,0,18,0,2,0,1,0,0,1,0,0,0,0,0,0,0,0,0,0,0,0,17,13,0,4,3,4,7,8,14,6,5,10,20,3,36,51,32
Rnu3b1,0,0,0,0,0,0,0,0,0,0,0,0,0,0,0,0,0,0,0,0,0,0,0,0,0,0,0,0,0,0,0,0,0,0,0,0,0,0,0,0,0,0,0,0,0,0,0,0,0,0,0,0,0,0,0,0,0,0,0,0,0,0,0,0,0,0,0,0,0,0,0,0,0,0,0,0,0,0,0,0,0,0,0,0,0,0,0,0,0,0,0,0,0,0,0,0,0,0,0,0,0,0,0,0,0,0,0,0,0,0,0,0,0,0,0,0,0,0,0,0,0,0,0,0,0,0,0,0,0,0,0,0,0,0
Rnu3b1.1,0,0,0,0,0,1,2,0,0,0,0,1,0,0,0,0,0,0,0,0,0,0,1,0,0,0,0,0,0,0,0,0,0,0,0,0,0,0,0,0,0,0,0,0,0,0,0,0,0,1,0,0,0,0,0,0,0,0,0,0,0,0,0,0,0,0,0,0,0,0,0,0,0,0,0,0,0,0,0,0,0,0,0,0,0,0,0,0,0,0,0,0,0,0,0,0,0,0,0,0,0,0,0,0,0,0,0,0,0,0,0,0,0,0,0,0,0,0,0,0,0,0,0,0,0,0,0,0,0,0,0,0,0,0
Rnu3b3,0,0,0,0,0,0,0,0,0,0,0,0,0,0,0,0,0,0,0,0,0,0,0,0,0,0,0,0,0,0,0,0,0,0,0,0,0,0,0,0,0,0,0,0,0,0,0,0,0,0,0,0,0,0,0,0,0,0,0,0,0,0,0,0,0,0,0,0,0,0,0,0,0,0,0,0,0,0,0,0,0,0,0,0,0,0,0,0,0,0,0,0,0,0,0,0,0,0,0,0,0,0,0,0,0,0,0,0,0,0,0,0,0,0,0,0,0,0,0,0,0,0,0,0,0,0,0,0,0,0,0,0,0,0
Rnu3b3.1,0,0,0,0,0,0,0,0,0,0,0,0,0,0,0,0,0,0,0,0,0,0,0,0,0,0,0,0,0,0,0,0,0,0,0,0,0,0,0,0,0,0,0,0,0,0,0,0,0,0,0,0,0,0,0,0,0,0,0,0,0,0,0,0,0,0,0,0,0,0,0,0,0,0,0,0,0,0,0,0,0,0,0,0,0,0,0,0,0,0,0,0,0,0,0,0,0,0,0,0,0,0,0,0,0,0,0,0,0,0,0,0,0,0,0,0,0,0,0,0,0,0,0,0,0,0,0,0,0,0,0,0,0,0
Rnu3b4,0,0,0,0,0,0,0,0,0,0,0,0,0,0,0,0,0,0,0,0,0,0,0,0,0,0,0,0,0,0,0,0,0,0,0,0,0,0,0,0,0,0,0,0,0,0,0,0,0,0,0,0,0,0,0,0,0,0,0,0,0,0,0,0,0,0,0,0,0,0,0,0,0,0,0,0,0,0,0,0,0,0,0,0,0,0,0,0,0,0,0,0,0,0,0,0,0,0,0,0,0,0,0,0,0,0,0,0,0,0,0,0,0,0,0,0,0,0,0,0,0,0,0,0,0,0,0,0,0,0,0,0,0,0
Rnu3b4.1,0,0,0,0,0,0,0,0,0,0,0,0,0,0,0,0,0,0,0,0,0,0,0,0,0,0,0,0,0,0,0,0,0,0,0,0,0,0,0,0,0,0,0,0,0,0,0,0,0,1,0,0,0,0,0,0,0,0,0,0,0,0,0,0,0,0,0,0,0,0,0,0,0,0,0,0,0,0,0,0,0,0,0,0,0,0,0,0,0,0,0,0,0,0,0,0,0,0,0,0,0,0,0,0,0,0,0,0,0,0,0,0,0,0,0,0,0,0,0,0,0,0,0,0,0,0,0,0,0,0,0,0,0,0
Rnu3b2,0,0,0,0,0,0,0,0,0,0,0,0,0,0,0,0,0,0,0,0,0,0,0,0,0,0,0,0,0,0,0,0,0,0,0,0,0,0,0,0,0,0,0,0,0,0,0,0,0,0,0,0,0,0,0,0,0,0,0,0,0,0,0,0,0,0,0,0,0,0,0,0,0,0,0,0,0,0,0,0,0,0,0,0,0,0,0,0,0,0,0,0,0,0,0,0,0,0,0,0,0,0,0,0,0,0,0,0,0,0,0,0,0,0,0,0,0,0,0,0,0,0,0,0,0,0,0,0,0,0,0,0,0,0
Rnu3b2.1,0,0,0,0,0,0,0,0,0,0,0,0,0,0,0,0,0,0,0,0,0,0,0,0,0,0,0,0,0,0,0,0,0,0,0,0,0,0,0,0,0,0,0,0,0,0,0,0,0,0,0,0,0,0,0,0,0,0,0,0,0,0,0,0,0,0,0,0,0,0,0,0,0,0,0,0,0,0,0,0,0,0,0,0,0,0,0,0,0,0,0,0,0,0,0,0,0,0,0,0,0,0,0,0,0,0,0,0,0,0,0,0,0,0,0,0,0,0,0,0,0,0,0,0,0,0,0,0,0,0,0,0,0,0
Snora21,19,43,32,26,20,28,71,165,112,259,241,284,20,6,0,0,4,4,11,18,33,17,51,37,29,50,27,42,27,6,18,18,26,29,22,40,32,26,79,41,103,0,0,1,108,58,32,10,55,72,35,142,52,41,2,0,0,2,120,66,78,71,25,43,41,28,66,34,2,3,0,2,6,70,3,18,31,58,53,210,41,53,74,39,180,244,111,83,28,56,66,26,25,16,33,34,2,43,5,23,17,17,14,35,28,12,9,0,0,6,0,0,37,8,16,19,1,1051,493,20,128,72,135,780,843,1404,708,169,268,543,280,77,98,62
Snord104,5944,10932,9138,4051,3467,14683,16508,10977,10826,23057,18560,18131,6759,280,9,62,970,1724,2270,3013,7512,8049,4248,2527,3248,3177,3747,6566,7956,1905,3334,3647,7353,7908,2717,4373,5065,3712,8228,4394,3525,0,261,388,6463,3271,3292,312,702,2932,2742,2189,4503,6658,294,33,33,317,3610,3760,4994,4716,2416,6328,6240,3416,3088,16982,2774,913,658,2984,802,17272,306,7578,8845,16691,24934,18105,20602,21427,25810,15189,15555,19466,9430,9117,3559,11442,17507,17112,7334,3097,14536,16243,1399,17627,1310,11629,5749,4582,1751,7578,2758,1534,146,60,18,140,16,33,760,85,533,453,29,33209,38385,4236,26853,12825,22748,17035,38605,48097,29873,21796,25620,35304,9082,24436,24191,16082
Snord1c,0,0,0,0,0,0,0,0,0,0,0,0,0,0,0,0,0,0,0,0,0,0,0,0,0,0,0,0,0,0,0,0,0,0,0,0,0,0,0,0,0,0,0,0,0,0,0,0,0,0,0,0,0,0,0,0,0,0,0,0,0,0,0,0,0,0,0,0,0,0,0,0,0,0,0,0,0,0,0,0,0,0,0,0,0,0,0,0,0,0,0,0,0,0,0,0,0,0,0,0,0,0,0,0,0,0,0,0,0,0,0,0,0,0,0,0,0,0,0,0,0,0,0,0,0,0,0,0,0,0,0,0,0,0
Snord1b,0,0,0,0,0,0,0,0,0,0,0,0,0,0,0,0,0,0,0,0,0,0,0,0,0,0,0,0,0,0,0,0,0,0,0,0,0,0,0,0,0,0,0,0,0,0,0,0,0,0,0,0,0,0,0,0,0,0,0,0,0,0,0,0,0,0,0,0,0,0,0,0,0,0,0,0,0,0,0,0,0,0,0,0,0,0,0,0,0,0,0,0,0,0,0,0,0,0,0,0,0,0,0,0,0,0,0,0,0,0,0,0,0,0,0,0,0,0,0,0,0,0,0,0,0,0,0,0,0,0,0,0,0,0
Snord1a,0,0,0,0,0,0,0,0,0,0,0,0,0,0,0,0,0,0,0,0,0,0,0,0,0,0,0,0,0,0,0,0,0,0,0,0,0,0,0,0,0,0,0,0,0,0,0,0,0,0,0,0,0,0,0,0,0,0,0,0,0,0,0,0,0,0,0,0,0,0,0,0,0,0,0,0,0,0,0,0,0,0,0,0,0,0,0,0,0,0,0,0,0,0,0,0,0,0,0,0,0,0,0,0,0,0,0,0,0,0,0,0,0,0,0,0,0,0,0,0,0,0,0,0,0,0,0,0,0,0,0,0,0,0
Mir3068.1,0,0,0,0,0,0,0,0,0,0,0,0,0,0,0,0,0,0,0,0,0,0,0,0,0,0,0,0,0,0,0,0,0,0,0,0,0,0,0,0,0,0,0,0,0,0,0,0,0,0,0,0,0,0,0,0,0,0,0,0,0,0,0,0,0,0,0,0,0,0,0,0,0,0,0,0,0,0,0,0,0,0,0,0,0,0,0,0,0,0,0,0,0,0,0,0,0,0,0,0,0,0,0,0,0,0,0,0,0,0,0,0,0,0,0,0,0,0,0,0,0,0,0,0,0,0,0,0,0,0,0,0,0,0
AF357425,0,0,0,0,0,0,0,0,0,0,0,0,0,0,0,0,0,0,0,0,0,0,0,0,0,0,0,0,0,0,0,0,0,0,0,0,0,0,0,0,0,0,0,0,0,0,0,0,0,0,0,0,0,0,0,0,0,0,0,0,0,0,0,0,0,0,0,0,0,0,0,0,0,0,0,0,0,0,0,0,0,0,0,0,0,0,0,0,0,0,0,0,0,0,0,0,0,0,0,0,0,0,0,0,0,0,0,0,0,0,0,0,0,0,0,0,0,0,0,0,0,0,0,0,0,0,0,0,0,0,0,0,0,0
DQ267100,0,0,0,0,0,0,0,0,0,0,0,0,0,0,0,0,0,0,0,0,0,0,0,0,0,0,0,0,0,0,0,0,0,0,0,0,0,0,0,0,0,0,0,0,0,0,0,0,0,0,0,0,0,0,0,0,0,0,0,0,0,0,0,0,0,0,0,0,0,0,0,0,0,0,0,0,0,0,0,0,0,0,0,0,0,0,0,0,0,0,0,0,0,0,0,0,0,0,0,0,0,0,0,0,0,0,0,0,0,0,0,0,0,0,0,0,0,0,0,0,0,0,0,0,0,0,0,0,0,0,0,0,0,0
DQ267101,0,0,0,0,0,0,0,0,0,0,0,0,0,0,0,0,0,0,0,0,0,0,0,0,0,0,0,0,0,0,0,0,0,0,0,0,0,0,0,0,0,0,0,0,0,0,0,0,0,0,0,0,0,0,0,0,0,0,0,0,0,0,0,0,0,0,0,0,0,0,0,0,0,0,0,0,0,0,0,0,0,0,0,0,0,0,0,0,0,0,0,0,0,0,0,0,0,0,0,0,0,0,0,0,0,0,0,0,0,0,0,0,0,0,0,0,0,0,0,0,0,0,0,0,0,0,0,0,0,0,0,0,0,0
DQ267102,0,0,19,1,0,0,0,0,0,0,0,0,9,1,0,1,119,99,1,9,7,11,6,10,13,14,0,2,4,3,2,0,0,0,0,0,0,0,0,0,1,0,0,0,0,0,0,0,0,0,0,1,0,0,0,0,0,0,0,0,0,0,0,1,0,1,0,1,0,0,0,0,0,0,0,0,0,0,0,2,11,17,23,15,0,1,0,2,1,0,0,0,2,0,111,86,3,89,0,3,1,2,0,0,0,0,0,0,0,0,0,0,0,0,0,0,0,0,0,0,1,0,0,0,0,0,0,0,0,1,0,29,26,17
AF357428,2,1,6,1,0,1,3,2,3,2,2,0,3113,51,6,39,190,615,1635,3295,2726,2993,851,748,1111,1328,22,13,20,1,4,14,16,16,17,13,16,6,13,39,15,0,0,1,52,28,18,8,9,23,5,16,8,6,0,0,0,0,1,1,4,6,1,3,4,2,1,11,0,0,0,0,2,0,0,0,3,11,17,17,14,15,21,20,12,22,12,38,10,21,47,12,144,55,111,74,5,110,22,261,167,154,16,78,44,28,2,1,0,0,0,0,4,0,8,11,0,8,9,0,4,1,3,1,0,4,2,9,9,26,16,50,37,20
AF357341,0,0,1,3,0,0,0,0,0,3,0,0,661,40,0,7,69,100,237,559,384,591,220,297,393,485,4,2,3,0,0,4,1,4,1,1,9,5,11,7,7,0,0,0,18,8,5,2,6,14,8,7,1,2,0,0,0,0,3,2,1,7,0,0,0,0,2,1,0,0,0,0,0,0,0,0,0,4,3,12,2,3,7,1,19,14,11,8,1,1,8,3,61,50,92,53,6,43,10,151,75,57,12,62,31,31,0,0,0,0,0,0,3,0,0,0,0,9,2,0,0,0,2,1,3,6,12,0,1,2,0,5,14,5
Snora28,0,0,0,0,0,0,0,0,0,0,0,0,0,0,0,0,0,0,0,0,0,0,0,0,0,0,0,0,0,0,0,0,0,0,0,0,0,0,0,0,0,0,0,0,0,0,0,0,0,0,0,0,0,0,0,0,0,0,0,0,0,0,0,0,0,0,0,0,0,0,0,0,0,0,0,0,0,0,0,0,0,0,0,0,0,0,0,0,0,0,0,0,0,0,0,0,0,0,0,0,0,0,0,0,0,0,0,0,0,0,0,0,0,0,0,0,0,0,0,0,0,0,0,0,0,0,0,0,0,0,0,0,0,0
Snora47,9,9,45,28,8,16,17,22,17,43,45,25,27,0,0,0,7,4,4,28,32,10,44,31,43,67,2,5,5,2,1,6,7,4,12,19,18,13,37,11,29,0,0,2,43,15,13,74,84,21,10,89,26,64,0,0,0,0,22,23,52,25,29,51,48,30,2,9,0,1,0,3,0,2,0,4,17,17,11,22,23,44,56,34,13,24,5,46,16,18,36,25,12,6,5,10,0,13,3,8,6,13,3,7,2,2,2,0,0,5,3,2,2,3,16,9,0,26,55,1,10,7,23,10,13,34,18,26,28,25,14,33,28,7
Snord69,0,0,0,0,0,0,0,0,0,0,0,0,0,0,0,0,0,0,0,0,0,0,0,0,0,0,0,0,0,0,0,0,0,0,0,0,0,0,0,0,0,0,0,0,0,0,0,0,0,0,0,0,0,0,0,0,0,0,0,0,0,0,0,0,0,0,0,0,0,0,0,0,0,0,0,0,0,0,0,0,0,0,0,0,0,0,0,0,0,0,0,0,0,0,0,0,0,0,0,0,0,0,0,0,0,0,0,0,0,0,0,0,0,0,0,0,0,0,0,0,0,0,0,0,0,0,0,0,0,0,0,0,0,0
Snord19,0,0,0,0,0,0,0,0,0,0,0,0,0,0,0,0,0,0,0,0,0,0,0,0,0,0,0,0,0,0,0,0,0,0,0,0,0,0,0,0,0,0,0,0,0,0,0,0,0,0,0,0,0,0,0,0,0,0,0,0,0,0,0,0,0,0,0,0,0,0,0,0,0,0,0,0,0,0,0,0,0,0,0,0,0,0,0,0,0,0,0,0,0,0,0,0,0,0,0,0,0,0,0,0,0,0,0,0,0,0,0,0,0,0,0,0,0,0,0,0,0,0,0,0,0,0,0,0,0,0,0,0,0,0
Snord8,15,141,73,74,5,62,47,51,31,102,99,121,39,2,0,0,3,13,11,34,21,21,28,18,21,41,11,9,16,3,9,10,11,18,0,16,6,8,31,14,50,0,0,1,40,2,15,11,12,21,13,33,42,19,2,0,0,5,37,23,41,25,18,10,17,22,11,11,5,1,0,5,4,45,0,6,9,14,32,75,142,201,198,150,72,134,42,33,13,17,38,8,13,9,91,59,0,95,1,22,8,11,1,10,7,5,2,1,0,0,0,0,7,2,5,3,0,242,134,15,111,57,83,103,206,310,156,67,75,259,87,131,158,79
Snora31,40,387,181,108,22,37,42,113,110,255,210,193,55,1,0,0,7,5,32,66,89,48,88,46,72,104,34,21,41,14,15,31,49,59,29,101,56,44,122,37,133,0,3,19,134,50,91,32,64,85,60,153,44,56,5,0,0,7,30,20,31,18,59,119,56,64,10,51,13,0,4,15,2,0,0,46,35,56,90,78,138,154,212,145,85,103,47,118,36,76,127,83,66,59,186,207,22,241,12,89,44,49,17,138,43,27,4,4,0,2,0,0,5,0,9,8,0,223,374,20,187,68,236,88,223,272,185,164,277,602,207,404,369,219
Snord72,567,14205,11422,5755,254,1781,2275,2427,3181,8126,6725,5208,1475,78,0,6,32,68,799,1277,1913,1579,1410,767,855,1144,686,309,482,294,46,712,750,704,526,658,700,594,1317,582,1300,0,2,8,1755,1570,1971,65,264,1270,1285,635,1327,2498,2,1,0,6,1134,889,1222,1217,517,1760,1815,1199,296,2470,27,3,1,28,57,115,23,1159,831,2826,2908,3444,18011,19410,19233,12789,2347,4134,1495,3692,1080,2405,4557,2728,1154,582,10250,9908,29,10602,173,1790,973,762,369,1106,537,275,23,0,0,29,5,6,160,54,106,102,17,11612,19732,118,2408,625,2279,7030,13404,17690,10966,10240,15366,20724,10860,35890,32340,14507
Snord123,77,1077,985,626,51,151,148,136,94,247,196,199,46,0,0,0,3,8,38,47,63,75,35,22,26,36,391,391,798,355,73,152,201,253,134,146,294,187,459,2855,1055,0,1,11,1989,651,780,426,406,678,334,1091,1090,2209,8,1,2,25,1027,781,1215,1006,466,1251,1653,1049,17,124,2,2,2,5,4,6,4,13,44,119,134,2345,19014,22216,22887,18949,2370,2921,1729,3076,546,1417,2755,1867,476,141,6898,5133,34,6375,59,699,409,539,63,358,147,206,681,30,1,604,290,311,1450,1317,3493,3771,211,1495,1870,26,993,243,887,970,1826,2115,1268,1115,1190,2750,1072,12280,11217,5500
Snord83b,1337,241166,175274,64663,1004,3183,4226,2954,2137,4464,4675,4755,2203,1271,3,9,623,913,927,1757,2111,1615,1018,699,891,1097,343,4403,6497,8540,629,369,499,400,349,259,238,251,458,1810,3957,0,13,63,3701,813,1500,1868,6533,1602,482,10732,1273,786,7,1,0,17,1173,856,1205,1061,357,827,663,640,417,653,89,6,9,81,139,908,54,397,321,920,518,4399,269865,296247,325592,212223,3530,3781,1465,2128,657,1464,2262,1366,1426,257,217034,232818,899,229764,371,1335,862,1001,229,583,375,249,633,29,4,541,253,270,1628,477,1148,981,107,19867,15056,452,18627,3715,18566,8511,20178,29798,16486,7918,9824,12939,7594,599736,670350,310421
Snora34,0,0,0,0,1,0,0,46,34,85,90,118,0,0,0,0,0,0,0,0,2,0,51,27,27,41,0,1,0,0,0,1,2,2,0,24,9,8,17,0,24,0,0,0,3,4,1,1,8,22,18,21,0,2,0,0,0,0,4,2,7,3,1,1,0,1,1,0,0,0,0,0,1,0,0,0,2,1,3,5,1,0,0,1,5,15,3,1,0,1,4,0,0,9,0,1,0,0,0,0,2,0,1,17,1,3,0,0,0,0,0,0,2,0,0,0,0,58,12,0,0,0,1,13,22,56,20,0,10,26,10,1,0,1
Snora2b,0,1,0,1,0,1,3,2,1,6,3,5,0,0,0,0,0,0,0,0,0,0,0,1,0,1,0,0,0,0,0,0,0,0,0,0,0,0,0,2,2,0,0,0,2,0,0,1,0,3,1,2,0,0,0,0,0,0,7,1,4,0,0,1,1,4,4,0,0,0,0,0,0,0,0,0,0,0,1,0,1,0,3,0,4,1,1,1,1,0,3,0,0,0,0,0,0,0,0,0,0,0,0,0,0,0,0,0,0,0,0,0,0,0,0,0,0,7,20,0,0,0,0,1,3,15,7,5,10,9,9,0,5,0
Snord66,1370,31469,21739,12399,785,3282,4500,2143,1999,4234,4220,3850,1484,314,4,44,1039,3104,641,884,1421,1207,1197,795,1000,992,999,33117,40907,9980,8834,1450,1964,2170,1138,1182,1148,875,2319,1964,1551,1,206,319,3039,1569,1786,212,398,1471,1021,1009,7524,1959,174,33,27,418,5110,5173,7462,7016,855,1646,1629,1294,3906,4566,2865,411,561,3067,4950,141785,1751,6644,2527,4457,6409,17471,91735,96052,113083,72972,15764,19839,8316,4585,1561,3185,5281,2042,2614,1037,74757,80984,2598,83592,763,3414,2359,1800,722,1865,1104,977,384,53,12,413,98,153,2286,44,306,228,23,39842,11625,3018,57382,15630,50434,15691,40763,56169,37469,6219,7417,12284,4754,89333,103930,70728
Snord2,0,0,0,0,0,0,0,0,0,0,0,0,0,0,0,0,0,0,0,0,0,0,0,0,0,0,0,0,0,0,0,0,0,0,0,0,0,0,0,0,0,0,0,0,0,0,0,0,0,0,0,0,0,0,0,0,0,0,0,0,0,0,0,0,0,0,0,0,0,0,0,0,0,0,0,0,0,0,0,0,0,0,0,0,0,0,0,0,0,0,0,0,0,0,0,0,0,0,0,0,0,0,0,0,0,0,0,0,0,0,0,0,0,0,0,0,0,0,0,0,0,0,0,0,0,0,0,0,0,0,0,0,0,0
Snora81,0,0,0,0,0,0,0,0,0,0,0,0,0,0,0,0,0,0,0,0,0,0,0,0,0,0,0,0,0,0,0,0,0,0,0,0,0,0,0,0,0,0,0,0,0,0,0,0,0,0,0,0,0,0,0,0,0,0,0,0,0,0,0,0,0,0,0,0,0,0,0,0,0,0,0,0,0,0,0,0,0,0,0,0,0,0,0,0,0,0,0,0,0,0,0,0,0,0,0,0,0,0,0,0,0,0,0,0,0,0,0,0,0,0,0,0,0,0,0,0,0,0,0,0,0,0,0,0,0,0,0,0,0,0
Snora20,2,32,208,92,0,2,2,7,4,11,7,8,10,1,0,0,2,1,2,5,5,2,11,2,7,5,3,2,10,3,0,1,5,0,1,4,4,0,3,0,13,0,2,0,14,4,14,7,7,12,2,61,2,3,0,0,1,2,6,5,3,4,4,6,2,3,2,1,2,0,0,0,0,0,0,2,2,4,2,6,35,39,41,28,18,21,9,7,3,12,6,3,3,2,15,18,0,35,0,1,2,2,0,4,1,1,0,0,0,0,0,0,0,0,2,0,0,65,42,2,42,3,82,18,17,108,40,17,22,63,9,68,35,17
Snord60,0,0,0,0,0,0,0,0,0,0,0,0,0,0,0,0,0,0,0,0,0,0,0,0,0,0,0,0,0,0,0,0,0,0,0,0,0,0,0,0,0,0,0,0,0,0,0,0,0,0,0,0,0,0,0,0,0,0,0,0,0,0,0,0,0,0,0,0,0,0,0,0,0,0,0,0,0,0,0,0,0,0,0,0,0,0,0,0,0,0,0,0,0,0,0,0,0,0,0,0,0,0,0,0,0,0,0,0,0,0,0,0,0,0,0,0,0,0,0,0,0,0,0,0,0,0,0,0,0,0,0,0,0,0
Snora78,13,32,21,30,9,47,25,22,26,22,31,46,15,0,0,0,0,2,20,26,31,23,8,2,6,7,8,5,8,2,0,16,22,18,15,7,7,5,15,23,41,0,0,1,100,13,122,99,91,33,3,201,43,19,1,0,0,0,39,31,41,41,7,14,13,6,11,18,0,0,0,2,2,0,0,7,8,14,56,98,57,57,66,36,78,122,65,54,19,32,48,17,32,5,23,35,0,41,9,32,16,24,5,9,14,2,2,0,0,8,2,1,17,0,10,7,0,229,154,2,23,6,39,97,205,285,171,77,87,180,70,39,33,24
Snora64,0,0,0,0,0,0,0,0,0,0,0,0,0,0,0,0,0,0,0,0,0,0,0,0,0,0,0,0,0,0,0,0,0,0,0,0,0,0,0,0,0,0,0,0,0,0,0,0,0,0,0,0,0,0,0,0,0,0,0,0,0,0,0,0,0,0,0,0,0,0,0,0,0,0,0,0,0,0,0,0,0,0,0,0,0,0,0,0,0,0,0,0,0,0,0,0,0,0,0,0,0,0,0,0,0,0,0,0,0,0,0,0,0,0,0,0,0,0,0,0,0,0,0,0,0,0,0,0,0,0,0,0,0,0
Snord52,0,0,0,0,0,0,0,0,0,0,0,0,0,0,0,0,0,0,0,0,0,0,0,0,0,0,0,0,0,0,0,0,0,0,0,0,0,0,0,0,0,0,0,0,0,0,0,0,0,0,0,0,0,0,0,0,0,0,0,0,0,0,0,0,0,0,0,0,0,0,0,0,0,0,0,0,0,0,0,0,0,0,0,0,0,0,0,0,0,0,0,0,0,0,0,0,0,0,0,0,0,0,0,0,0,0,0,0,0,0,0,0,0,0,0,0,0,0,0,0,0,0,0,0,0,0,0,0,0,0,0,0,0,0
Snord92,61,1216,914,484,39,150,273,288,289,651,661,615,109,8,0,2,25,116,55,84,196,181,247,188,247,301,29,429,489,157,92,45,59,60,25,117,122,93,201,81,200,1,3,15,158,99,69,17,48,190,140,144,101,80,3,1,0,8,99,75,103,81,81,120,99,88,23,90,29,10,7,24,6,6,1,44,80,104,158,287,1267,1447,1861,942,253,405,152,51,67,117,171,87,53,84,2171,2502,22,2369,4,70,31,47,60,160,107,96,5,2,0,9,0,4,19,4,9,9,0,1066,1078,110,2111,486,1947,547,1182,1609,916,662,775,1858,320,4302,3833,2924
Snord53,198,2695,1579,918,164,640,875,396,396,895,1000,929,58,2,0,0,8,5,25,47,62,57,20,24,26,27,16,108,113,29,18,22,20,18,26,16,9,10,21,307,250,1,12,11,522,210,342,62,65,224,132,145,36,55,1,0,0,5,35,29,44,33,22,33,52,36,5,37,4,0,2,7,0,0,0,9,24,38,34,84,361,327,495,278,61,79,39,105,27,36,85,62,60,33,576,632,39,609,11,96,48,40,15,49,38,21,1,11,2,1,1,0,20,1,19,18,1,542,1216,55,702,240,652,275,501,577,457,488,917,759,532,1249,1552,1019
Mir1949,3,10,25,8,4,11,21,10,5,25,17,39,1,0,0,0,0,1,1,1,0,0,3,0,0,0,2,1,0,0,4,1,2,3,2,1,1,3,1,3,2,0,0,0,5,1,3,0,2,3,1,32,3,0,0,0,0,0,2,0,2,1,0,0,1,0,0,0,0,0,0,0,0,0,0,0,0,0,0,5,3,1,3,3,2,3,3,0,0,1,3,0,0,0,0,1,0,4,0,2,2,3,2,3,3,2,0,0,0,0,0,0,0,0,0,0,0,66,49,1,17,8,13,42,48,80,54,37,28,114,31,17,17,12
Snora74a,1,61,72,157,15,10,38,20,10,30,27,37,6,0,0,0,1,1,2,5,1,0,8,5,6,6,3,2,5,2,3,3,1,4,1,2,5,0,7,4,18,0,2,2,19,7,51,26,72,16,12,44,19,3,1,0,0,2,18,16,29,33,4,7,3,2,4,1,1,0,0,2,2,0,0,1,1,3,5,23,10,6,7,6,35,46,8,6,1,3,4,2,6,0,4,16,1,6,0,2,0,1,2,1,5,4,3,0,0,4,1,0,9,0,1,4,0,230,62,8,29,18,33,93,288,275,261,37,45,80,29,28,37,18
Snord58b,57,5437,3690,1884,29,109,276,370,366,931,763,779,53,8,0,1,73,103,32,67,81,63,121,110,134,145,10,240,436,153,62,10,11,28,10,36,37,21,61,105,205,0,11,22,157,65,64,16,50,151,94,124,89,84,9,0,0,15,231,68,115,88,24,76,134,78,75,189,36,5,11,25,15,3,1,90,20,73,505,154,3445,3290,3947,2654,107,198,78,74,44,73,95,84,19,25,1659,1655,36,1802,3,39,18,24,14,46,21,20,0,2,0,1,1,0,15,5,7,6,1,1059,752,152,1974,524,1737,811,1066,1647,1129,410,833,1728,394,6798,7860,4941
Snord22,0,0,0,0,0,0,0,0,0,0,0,0,0,0,0,0,0,0,0,0,0,0,0,0,0,0,0,0,0,0,0,0,0,0,0,0,0,0,0,0,0,0,0,0,0,0,0,0,0,0,0,0,0,0,0,0,0,0,0,0,0,0,0,0,0,0,0,0,0,0,0,0,0,0,0,0,0,0,0,0,0,0,0,0,0,0,0,0,0,0,0,0,0,0,0,0,0,0,0,0,0,0,0,0,0,0,0,0,0,0,0,0,0,0,0,0,0,0,0,0,0,0,0,0,0,0,0,0,0,0,0,0,0,0
Snora57,1,43,44,38,6,10,26,32,21,37,35,47,3,0,0,0,0,0,2,0,11,10,11,11,10,15,1,5,2,0,0,5,4,18,7,8,8,4,16,10,30,0,1,1,27,8,11,8,30,20,6,47,7,9,0,0,0,0,4,2,4,4,5,9,7,2,5,9,0,0,1,0,0,30,0,4,4,6,21,20,24,37,22,25,15,30,10,5,6,8,13,4,10,4,31,16,0,25,0,14,12,5,7,14,10,5,0,0,0,0,0,1,0,0,0,0,0,96,102,0,11,3,14,33,52,113,42,42,47,184,40,98,120,48
Snora19,0,0,0,0,0,0,1,0,0,0,1,0,0,0,0,0,0,0,0,0,0,0,0,0,0,0,0,0,0,0,0,0,0,0,0,1,0,0,0,0,0,0,0,0,1,0,3,0,0,0,0,3,1,0,0,0,0,0,2,0,3,1,1,0,0,0,0,0,0,0,0,0,0,0,0,0,0,1,0,2,0,1,0,0,0,0,0,0,0,0,0,0,0,0,2,0,0,0,0,0,0,1,0,0,0,0,0,0,0,0,0,0,0,0,0,0,0,2,3,0,1,0,1,1,2,4,1,0,0,1,0,0,0,0
Snora69,4,13,9,14,3,11,11,72,59,168,132,146,7,1,0,0,3,5,1,5,9,8,11,7,11,21,10,8,9,2,6,10,14,11,10,10,10,6,18,31,55,0,0,1,67,53,31,26,32,54,19,52,17,21,0,0,0,0,16,10,8,15,12,24,17,11,5,16,2,0,1,3,4,7,0,37,23,29,19,32,15,19,40,11,68,133,20,49,17,50,49,6,5,3,11,12,4,12,2,6,9,12,3,14,1,0,0,0,0,0,0,0,2,0,3,1,0,485,403,4,49,18,58,99,127,501,165,134,185,497,205,37,23,16
Snord61,209,8309,5369,2057,106,442,672,731,736,1672,1468,1474,741,31,0,11,310,372,659,647,1137,1006,1040,518,532,523,466,3877,5272,2922,661,289,336,333,265,490,347,315,956,344,351,1,2,10,338,173,190,65,138,227,154,478,2807,991,19,4,1,86,3664,2242,2904,2962,355,693,788,594,417,236,55,13,5,33,49,555,4,135,198,323,427,9139,27564,30048,35671,27037,6342,9140,4140,2101,438,1041,1760,874,298,175,17210,16931,289,13271,45,345,243,216,77,346,162,81,46,8,1,41,8,16,216,64,134,100,7,15972,4833,277,7929,1751,7070,11209,18329,23574,14427,2423,2746,10306,3856,12817,14231,8993
Snora70,0,0,0,0,0,0,0,0,0,0,0,0,0,0,0,0,0,0,0,0,0,0,0,0,0,0,0,0,0,0,0,0,0,0,0,0,0,0,0,0,0,0,0,0,0,0,0,0,0,0,0,0,0,0,0,0,0,0,0,0,0,0,0,0,0,0,0,0,0,0,0,0,0,0,0,0,0,0,0,0,0,0,0,0,0,0,0,0,0,0,0,0,0,0,0,0,0,0,0,0,0,0,0,0,0,0,0,0,0,0,0,0,0,0,0,0,0,0,0,0,0,0,0,0,0,0,0,0,0,0,0,0,0,0
Snora35,0,0,0,0,0,0,0,0,0,0,0,0,2,0,0,0,0,0,8,9,5,3,5,4,6,7,0,0,0,0,0,0,0,0,0,0,0,0,0,0,0,0,0,0,0,0,0,0,0,0,0,0,0,0,0,0,0,0,0,0,0,0,0,0,0,0,0,0,0,0,0,0,0,0,0,0,0,0,0,2,1,3,2,1,4,5,3,1,0,1,1,0,0,0,0,0,0,0,0,0,0,0,0,0,0,0,0,0,0,0,0,0,0,0,0,0,0,0,0,0,0,0,0,0,0,0,0,0,0,0,0,0,0,0